Date,capitale_versato,costo_totale,valore_totale,rendimento_percentuale,rendimento_netto_percentuale
2024-11-13,9.0,10.0,9.0297205569458,0.33022841050889756,-9.702794430541992
2024-11-14,9.0,10.0,9.0034093069458,0.037881188286665375,-9.965906930542001
2024-11-15,9.0,10.0,8.8781675,-1.3536944444444445,-11.218325
2024-11-16,9.0,10.0,8.8781675,-1.3536944444444445,-11.218325
2024-11-17,9.0,10.0,8.8781675,-1.3536944444444445,-11.218325
2024-11-18,9.0,10.0,8.898013810119629,-1.133179887559679,-11.019861898803711
2024-11-19,9.0,10.0,8.887639623413087,-1.2484486287434826,-11.123603765869134
2024-11-20,9.0,10.0,8.896209683532716,-1.1532257385253826,-11.037903164672844
2024-11-21,9.0,10.0,9.0222030569458,0.24670063273111412,-9.777969430541997
2024-11-22,9.0,10.0,9.124440873413086,1.3826763712565082,-8.755591265869143
2024-11-23,9.0,10.0,9.124440873413086,1.3826763712565082,-8.755591265869143
2024-11-24,9.0,10.0,9.124440873413086,1.3826763712565082,-8.755591265869143
2024-11-25,9.0,10.0,9.101287303771972,1.1254144863552462,-8.987126962280279
2024-11-26,9.0,10.0,9.135717123413086,1.5079680379231735,-8.642828765869144
2024-11-27,9.0,10.0,9.040695813293457,0.4521757032606328,-9.59304186706543
2024-11-28,9.0,10.0,9.082643132934571,0.9182570326063436,-9.17356867065429
2024-11-29,9.0,10.0,9.112863629760742,1.2540403306749128,-8.871363702392578
2024-11-30,9.0,10.0,9.112863629760742,1.2540403306749128,-8.871363702392578
2024-12-01,9.0,10.0,9.112863629760742,1.2540403306749128,-8.871363702392578
2024-12-02,9.0,10.0,9.185933509521485,2.0659278835720545,-8.140664904785151
2024-12-03,9.0,10.0,9.161126310119629,1.7902923346625441,-8.38873689880371
2024-12-04,9.0,10.0,9.189842756347655,2.1093639594183915,-8.101572436523448
2024-12-05,9.0,10.0,9.174507680358886,1.9389742262098428,-8.254923196411141
2024-12-06,9.0,10.0,9.180671626586914,2.0074625176323795,-8.193283734130858
2024-12-07,9.0,10.0,9.180671626586914,2.0074625176323795,-8.193283734130858
2024-12-08,9.0,10.0,9.180671626586914,2.0074625176323795,-8.193283734130858
2024-12-09,9.0,10.0,9.142182063293458,1.5798007032606403,-8.578179367065424
2024-12-10,9.0,10.0,9.181123117065429,2.012479078504765,-8.188768829345712
2024-12-11,9.0,10.0,9.2402105569458,2.669006188286676,-7.5978944305419915
2024-12-12,9.0,10.0,9.226678689880371,2.5186521097819026,-7.733213101196287
2024-12-13,18.0,20.0,18.40846308644867,2.2692393691592767,-7.957684567756651
2024-12-14,18.0,20.0,18.40846308644867,2.2692393691592767,-7.957684567756651
2024-12-15,18.0,20.0,18.40846308644867,2.2692393691592767,-7.957684567756651
2024-12-16,18.0,20.0,18.45163146638489,2.5090637021382713,-7.741842668075556
2024-12-17,18.0,20.0,18.402500066795348,2.236111482196377,-7.987499666023261
2024-12-18,18.0,20.0,18.453726793136596,2.5207044063144224,-7.731366034317019
2024-12-19,18.0,20.0,18.152910543769835,0.8495030209435268,-9.235447281150826
2024-12-20,18.0,20.0,18.204768910202027,1.1376050566779286,-8.976155448989864
2024-12-21,18.0,20.0,18.204768910202027,1.1376050566779286,-8.976155448989864
2024-12-22,18.0,20.0,18.204768910202027,1.1376050566779286,-8.976155448989864
2024-12-23,18.0,20.0,18.171495823295594,0.9527545738644092,-9.142520883522032
2024-12-24,18.0,20.0,18.171495823295594,0.9527545738644092,-9.142520883522032
2024-12-25,18.0,20.0,18.171495823295594,0.9527545738644092,-9.142520883522032
2024-12-26,18.0,20.0,18.171495823295594,0.9527545738644092,-9.142520883522032
2024-12-27,18.0,20.0,18.244487743652343,1.358265242513015,-8.777561281738286
2024-12-28,18.0,20.0,18.244487743652343,1.358265242513015,-8.777561281738286
2024-12-29,18.0,20.0,18.244487743652343,1.358265242513015,-8.777561281738286
2024-12-30,18.0,20.0,18.147372423225406,0.8187356845855871,-9.263137883872972
2024-12-31,18.0,20.0,18.147372423225406,0.8187356845855871,-9.263137883872972
2025-01-01,18.0,20.0,18.147372423225406,0.8187356845855871,-9.263137883872972
2025-01-02,18.0,20.0,18.36799427015686,2.044412611982555,-8.1600286492157
2025-01-03,18.0,20.0,18.34987610962677,1.9437561645931665,-8.25061945186615
2025-01-04,18.0,20.0,18.34987610962677,1.9437561645931665,-8.25061945186615
2025-01-05,18.0,20.0,18.34987610962677,1.9437561645931665,-8.25061945186615
2025-01-06,18.0,20.0,18.465642893089296,2.586904961607199,-7.671785534553521
2025-01-07,18.0,20.0,18.30701693320465,1.7056496289147245,-8.464915333976748
2025-01-08,18.0,20.0,18.317517526657106,1.7639862592061444,-8.41241236671447
2025-01-09,18.0,20.0,18.326032926246643,1.8112940347035749,-8.369835368766783
2025-01-10,18.0,20.0,18.153733856452945,0.8540769802941384,-9.231330717735275
2025-01-11,18.0,20.0,18.153733856452945,0.8540769802941384,-9.231330717735275
2025-01-12,18.0,20.0,18.153733856452945,0.8540769802941384,-9.231330717735275
2025-01-13,18.0,20.0,18.132913736824037,0.7384096490224262,-9.335431315879816
2025-01-14,18.0,20.0,18.10225921336365,0.568106740909159,-9.488703933181757
2025-01-15,18.0,20.0,18.401985039962767,2.2332502220153727,-7.990074800186164
2025-01-16,18.0,20.0,18.44224630344391,2.456923908021717,-7.788768482780455
2025-01-17,18.0,20.0,18.616312303138734,3.423957239659635,-6.9184384843063285
2025-01-18,18.0,20.0,18.616312303138734,3.423957239659635,-6.9184384843063285
2025-01-19,18.0,20.0,18.616312303138734,3.423957239659635,-6.9184384843063285
2025-01-20,18.0,20.0,18.504254505889893,2.801413921610517,-7.478727470550535
2025-01-21,18.0,20.0,18.513735756828307,2.85408753793504,-7.431321215858463
2025-01-22,18.0,20.0,18.691918556159976,3.843991978666534,-6.54040721920012
2025-01-23,18.0,20.0,18.711477896896362,3.9526549827575668,-6.442610515518191
2025-01-24,18.0,20.0,18.61229557057953,3.401642058775166,-6.938522147102351
2025-01-25,18.0,20.0,18.61229557057953,3.401642058775166,-6.938522147102351
2025-01-26,18.0,20.0,18.61229557057953,3.401642058775166,-6.938522147102351
2025-01-27,18.0,20.0,18.270491786811828,1.5027321489545997,-8.64754106594086
2025-01-28,18.0,20.0,18.530834323143004,2.9490795730166908,-7.345828384284977
2025-01-29,18.0,20.0,18.581649256980896,3.2313847610049766,-7.091753715095521
2025-01-30,18.0,20.0,18.59974572288513,3.331920682695176,-7.001271385574341
2025-01-31,18.0,20.0,18.82187837310791,4.565990961710615,-5.890608134460447
2025-02-01,18.0,20.0,18.82187837310791,4.565990961710615,-5.890608134460447
2025-02-02,18.0,20.0,18.82187837310791,4.565990961710615,-5.890608134460447
2025-02-03,68.0,70.0,68.79572055786133,1.1701772909725439,-1.7203992030552433
2025-02-04,68.0,70.0,68.7555016338501,1.111031814485444,-1.7778548087855686
2025-02-05,68.0,70.0,68.46482782020568,0.6835703238318888,-2.1931031139918797
2025-02-06,68.0,70.0,69.26874485043336,1.8658012506373007,-1.0446502136666223
2025-02-07,68.0,70.0,69.16298168843079,1.7102671888688088,-1.1957404450988716
2025-02-08,68.0,70.0,69.16298168843079,1.7102671888688088,-1.1957404450988716
2025-02-09,68.0,70.0,69.16298168843079,1.7102671888688088,-1.1957404450988716
2025-02-10,68.0,70.0,69.52138311122131,2.2373281047372227,-0.6837384125409838
2025-02-11,68.0,70.0,69.33214810914612,1.9590413369795854,-0.9540741297912599
2025-02-12,106.1,110.1,107.08143058139086,0.9250052605003464,-2.7416615972834992
2025-02-13,106.1,110.1,107.75760091571463,1.5623005803153995,-2.127519604255551
2025-02-14,106.1,110.1,107.60396832524158,1.4175007777960293,-2.2670587418332544
2025-02-15,106.1,110.1,107.61351422367908,1.4264978545514433,-2.258388534351425
2025-02-16,106.1,110.1,107.50172660649157,1.3211372351475765,-2.3599213383364406
2025-02-17,106.1,110.1,107.75099923645999,1.5560784509519276,-2.1335156798728474
2025-02-18,106.1,110.1,107.74951894364384,1.5546832645088038,-2.134860178343469
2025-02-19,106.1,110.1,108.43572650717417,2.201438743802236,-1.5116017191878546
2025-02-20,106.1,110.1,107.62083413663711,1.4333969242574176,-2.2517401120462126
2025-02-21,106.1,110.1,106.92860028060862,0.7809616216857926,-2.8804720430439366
2025-02-22,106.1,110.1,106.9694534056086,0.8194659807809707,-2.8433665707460403
2025-02-23,106.1,110.1,106.93354090560861,0.7856181956725873,-2.875984645223783
2025-02-24,106.1,110.1,105.51537116673728,-0.5510168079761665,-4.164058885797195
2025-02-25,106.1,110.1,103.274689331195,-2.662875276913278,-6.1991922514123425
2025-02-26,106.1,110.1,103.39893139792505,-2.545776250777512,-6.08634750415526
2025-02-27,106.1,110.1,103.43488965390665,-2.5118853403330283,-6.05368787111112
2025-02-28,106.1,110.1,103.01398107317854,-2.908594652989117,-6.435984493025843
2025-03-01,106.1,110.1,103.14984759661604,-2.7805394942355828,-6.312581656116216
2025-03-02,134.35999999999999,139.35999999999999,132.00428603945662,-1.753285174563389,-5.2782103620431755
2025-03-03,184.35999999999999,189.35999999999999,175.53103380380978,-4.788981447271755,-7.303002849699097
2025-03-04,184.35999999999999,189.35999999999999,171.4750090543947,-6.989038265136307,-9.44496775750174
2025-03-05,184.35999999999999,189.35999999999999,169.71327734866193,-7.944631509729905,-10.375328818830827
2025-03-06,184.35999999999999,189.35999999999999,170.3937179614123,-7.5755489469449335,-10.015991782101647
2025-03-07,184.35999999999999,189.35999999999999,165.75547252228995,-10.091412170595595,-12.46542431226766
2025-03-08,184.35999999999999,189.35999999999999,165.18027187882683,-10.403410783886503,-12.769184685875137
2025-03-09,184.35999999999999,189.35999999999999,162.93312683617853,-11.622300479399792,-13.955889925972464
2025-03-10,184.35999999999999,189.35999999999999,159.84512183514065,-13.297286919537504,-15.586648798510424
2025-03-11,194.35999999999999,199.35999999999999,169.65007651408098,-12.713481933483745,-14.902650223675264
2025-03-12,194.35999999999999,199.35999999999999,172.6519204678911,-11.169005727571973,-13.396909877662964
2025-03-13,194.35999999999999,199.35999999999999,171.26691370364546,-11.881604392032584,-14.09163638460801
2025-03-14,194.35999999999999,199.35999999999999,174.24503834165088,-10.349331991330061,-12.597793769236107
2025-03-15,194.35999999999999,199.35999999999999,174.62642370236867,-10.153105730413314,-12.406488913338341
2025-03-16,194.35999999999999,199.35999999999999,173.70849527677052,-10.625388312013515,-12.866926526499531
2025-03-17,204.35999999999999,209.35999999999999,183.6367889920726,-10.140541695012416,-12.286592953729164
2025-03-18,204.35999999999999,209.35999999999999,181.48501093119074,-11.193476741441204,-13.314381481089626
2025-03-19,283.71999999999997,289.71999999999997,257.67634215069205,-9.179352125090908,-11.060216018675936
2025-03-20,283.71999999999997,289.71999999999997,254.95959476111523,-10.136897377303237,-11.997930843188163
2025-03-21,283.71999999999997,289.71999999999997,255.50360899435307,-9.945154027085472,-11.810158430776923
2025-03-22,293.71999999999997,299.71999999999997,265.2299175115039,-9.699742097404352,-11.507434434971326
2025-03-23,303.71999999999997,309.71999999999997,276.30251642916755,-9.027223617421447,-10.789578835991353
2025-03-24,415.42999999999995,423.42999999999995,397.23255129642035,-4.380388682468671,-6.186960938898897
2025-03-25,415.42999999999995,423.42999999999995,401.50512814191745,-3.351917737785547,-5.177921228557849
2025-03-26,425.4599999999999,433.4599999999999,403.0379936666245,-5.270062128842996,-7.0184114643509
2025-03-27,425.4599999999999,433.4599999999999,400.1246540018313,-5.954812672911352,-7.690524154055424
2025-03-28,425.4599999999999,433.4599999999999,387.8686824981844,-8.835452804450602,-10.517998777699333
2025-03-29,425.4599999999999,433.4599999999999,386.571612468979,-9.140315783157266,-10.817235161496079
2025-03-30,425.4599999999999,433.4599999999999,386.7053968985139,-9.108871128069856,-10.786370853478061
2025-03-31,425.4599999999999,433.4599999999999,382.9612581732519,-9.988892452110193,-11.650150377600706
2025-04-01,425.4599999999999,433.4599999999999,388.0685195675784,-8.788483155272303,-10.471896007110585
2025-04-02,500.4599999999999,508.4599999999999,462.9035241438444,-7.504391131390231,-8.959697096360687
2025-04-03,500.4599999999999,508.4599999999999,436.37205297291996,-12.805808061998954,-14.177702676135779
2025-04-04,563.9699999999999,572.9699999999999,467.8696696564116,-17.039972045248568,-18.343077358952186
2025-04-05,563.9699999999999,572.9699999999999,467.74812915815113,-17.061522925306097,-18.364289725788225
2025-04-06,563.9699999999999,572.9699999999999,463.4944418464293,-17.815762922419744,-19.106682401097896
2025-04-07,603.9699999999999,613.9699999999999,489.31614804948214,-18.983368702173582,-20.302922284560776
2025-04-08,653.9699999999999,664.9699999999999,537.9441381466256,-17.741771312655676,-19.10249512810718
2025-04-09,653.9699999999999,664.9699999999999,561.3544758908744,-14.162044758800182,-15.581984767602384
2025-04-10,653.9699999999999,664.9699999999999,559.7247995137025,-14.41124218026782,-15.827059940493173
2025-04-11,653.9699999999999,664.9699999999999,560.4190899349403,-14.30507669542328,-15.722650655677645
2025-04-12,653.9699999999999,664.9699999999999,562.9365336019569,-13.920128812949075,-15.344070619432918
2025-04-13,653.9699999999999,664.9699999999999,561.9082938388074,-14.077359230728101,-15.498700115974037
2025-04-14,653.9699999999999,664.9699999999999,570.9718778557218,-12.691426540097883,-14.135693662011539
2025-04-15,653.9699999999999,664.9699999999999,577.2444843500832,-11.732268399149305,-13.192402010604495
2025-04-16,710.9699999999999,721.9699999999999,619.5666832624955,-12.856142557000211,-14.18387422434511
2025-04-17,710.9699999999999,721.9699999999999,613.1303520525969,-13.761431276622508,-15.075369883430481
2025-04-18,710.9699999999999,721.9699999999999,612.9230565644897,-13.790587990422978,-15.104082362911234
2025-04-19,710.9699999999999,721.9699999999999,613.7346227745409,-13.676438840662625,-14.99167239988629
2025-04-20,710.9699999999999,721.9699999999999,613.1738040481084,-13.75531962697322,-15.06935135142617
2025-04-21,710.9699999999999,721.9699999999999,607.265862573948,-14.586288792220762,-15.88765979556657
2025-04-22,710.9699999999999,721.9699999999999,613.4798272157399,-13.712276577669952,-15.02696410990208
2025-04-23,710.9699999999999,721.9699999999999,633.8820885214852,-10.84263913787005,-12.201048724810546
2025-04-24,710.9699999999999,721.9699999999999,643.2208487188968,-9.52911533272896,-10.907537886768576
2025-04-25,710.9699999999999,721.9699999999999,654.0211940098712,-8.010015329778849,-9.411583028398503
2025-04-26,710.9699999999999,721.9699999999999,654.0297125743127,-8.008817168894215,-9.410403122801112
2025-04-27,710.9699999999999,721.9699999999999,654.4900849384637,-7.944064455818979,-9.346636987899247
2025-04-28,710.9699999999999,721.9699999999999,655.2718415919086,-7.834108106965321,-9.238355943888434
2025-04-29,710.9699999999999,721.9699999999999,657.486161113184,-7.522657620830117,-8.931650745434835
2025-04-30,710.9699999999999,721.9699999999999,656.1305190531132,-7.713332622598246,-9.119420605688152
2025-05-01,710.9699999999999,721.9699999999999,659.1482070918569,-7.288886016026421,-8.701440905874627
2025-05-02,798.9699999999999,809.9699999999999,752.4039764336209,-5.82825682646145,-7.1071797185548915
2025-05-03,798.9699999999999,809.9699999999999,751.8082183928396,-5.902822584973187,-7.1807328181488534
2025-05-04,798.9699999999999,809.9699999999999,750.7479231521536,-6.0355303513081004,-7.311638313498812
2025-05-05,798.9699999999999,809.9699999999999,752.9610529643717,-5.75853249003445,-7.038402290903151
2025-05-06,798.9699999999999,809.9699999999999,748.0633970535673,-6.371528711520158,-7.643073564012568
2025-05-07,798.9699999999999,809.9699999999999,746.2872164755202,-6.593837506349395,-7.8623632386977
2025-05-08,798.9699999999999,809.9699999999999,764.312263334763,-4.337802003233781,-5.636966389525161
2025-05-09,798.9699999999999,809.9699999999999,770.1937324694044,-3.601670592211915,-4.910832195093094
2025-05-10,798.9699999999999,809.9699999999999,772.2137967362354,-3.3488370356539696,-4.661432307834182
2025-05-11,798.9699999999999,809.9699999999999,770.8844712062037,-3.5152169410361145,-4.825552649332228
2025-05-12,798.9699999999999,809.9699999999999,794.9929361854463,-0.49777386066480805,-1.8490887087859575
2025-05-13,798.9699999999999,809.9699999999999,809.9055943031427,1.368711503954192,-0.007951615103916579
2025-05-14,798.9699999999999,809.9699999999999,818.0247236456065,2.384911028650212,0.9944471579943209
2025-05-15,798.9699999999999,809.9699999999999,814.3792460038111,1.9286388730254174,0.5443715204033701
2025-05-16,865.9699999999999,876.9699999999999,884.8862403677388,2.1843990401213498,0.9026808633977048
2025-05-17,865.9699999999999,876.9699999999999,884.4502748725874,2.134054860166926,0.8529681599812455
2025-05-18,865.9699999999999,876.9699999999999,886.6101701756209,2.3834740436297954,1.0992588316157836
2025-05-19,865.9699999999999,876.9699999999999,881.6987668296996,1.8163177511576245,0.5392164874168649
2025-05-20,865.9699999999999,876.9699999999999,882.1645215918527,1.8701019194490316,0.5923260307482328
2025-05-21,865.9699999999999,876.9699999999999,876.3640530861352,1.2002786570129766,-0.06909551225979536
2025-05-22,865.9699999999999,876.9699999999999,873.0514156112997,0.8177437568622244,-0.4468322050583483
2025-05-23,865.9699999999999,876.9699999999999,860.8510746455038,-0.5911204030735624,-1.8380247162954408
2025-05-24,865.9699999999999,876.9699999999999,861.5062941166427,-0.5154573349373758,-1.7633107042837488
2025-05-25,865.9699999999999,876.9699999999999,861.923898401246,-0.4672334605995498,-1.7156917110909065
2025-05-26,865.9699999999999,876.9699999999999,865.2257934147312,-0.08593907240073802,-1.339179970269071
2025-05-27,865.9699999999999,876.9699999999999,877.8529562188005,1.372213381387414,0.10068260246081243
2025-05-28,865.9699999999999,876.9699999999999,876.6021527905339,1.2277738016945106,-0.04194524436024599
2025-05-29,865.9699999999999,876.9699999999999,878.1330191023106,1.404554326629182,0.13261788913084
2025-05-30,865.9699999999999,876.9699999999999,868.1620340298983,0.2531304814137237,-1.0043634297754287
2025-05-31,865.9699999999999,876.9699999999999,868.7088491456369,0.316275291942793,-0.9420106565062654
2025-06-01,865.9699999999999,876.9699999999999,869.109436392415,0.3625340822909644,-0.8963320988842193
2025-06-02,953.9699999999999,964.9699999999999,951.8000245812907,-0.227467888792018,-1.3648067213187163
2025-06-03,953.9699999999999,964.9699999999999,960.3630360258089,0.6701506363731575,-0.4774204352664839
2025-06-04,983.9699999999999,994.9699999999999,989.9912032165743,0.6119295523821203,-0.5003966736108275
2025-06-05,983.9699999999999,994.9699999999999,979.378973312002,-0.4665819779056167,-1.5669846013445528
2025-06-06,983.9699999999999,994.9699999999999,987.1677415692706,0.3249836447524465,-0.7841702192758931
2025-06-07,983.9699999999999,994.9699999999999,987.8453873310883,0.39385218361214314,-0.7160630641036008
2025-06-08,983.9699999999999,994.9699999999999,988.7955829738111,0.4904197255821978,-0.6205631351888851
2025-06-09,983.9699999999999,994.9699999999999,999.8211073410183,1.6109340062215725,0.48756317688155476
2025-06-10,983.9699999999999,994.9699999999999,999.8121677992821,1.6100254885090148,0.48666470338624807
2025-06-11,983.9699999999999,994.9699999999999,996.3735487854668,1.2605616823141876,0.14106443264288474
2025-06-12,983.9699999999999,994.9699999999999,985.343499810213,0.1395875697646318,-0.9675166276156019
2025-06-13,983.9699999999999,994.9699999999999,977.1451192831912,-0.6936065852423049,-1.7914993132263994
2025-06-14,983.9699999999999,994.9699999999999,976.6145684806144,-0.7475259936162229,-1.8448226096651705
2025-06-15,983.9699999999999,994.9699999999999,977.4409633027134,-0.6635402194463784,-1.7617653494363177
2025-06-16,1040.9699999999998,1051.9699999999998,1052.6615896940536,1.1231437691819983,0.06574233999580274
2025-06-17,1040.9699999999998,1051.9699999999998,1044.7055698757597,0.35885471010306674,-0.6905548755420885
2025-06-18,1040.9699999999998,1051.9699999999998,1047.8706118078903,0.6629020824702468,-0.3896867964019386
2025-06-19,1040.9699999999998,1051.9699999999998,1041.2340503566372,0.025365798883486217,-1.0205566359651488
2025-06-20,1040.9699999999998,1051.9699999999998,1043.3078014820483,0.22457914080602348,-0.823426382686915
2025-06-21,1040.9699999999998,1051.9699999999998,1042.086847773714,0.10728914125423389,-0.9394899309187337
2025-06-22,1040.9699999999998,1051.9699999999998,1041.1923374313176,0.021358678090414026,-1.0245218560113138
2025-06-23,1040.9699999999998,1051.9699999999998,1046.724826349682,0.5528330643229068,-0.4986048699409526
2025-06-24,1040.9699999999998,1051.9699999999998,1061.5649924452864,1.9784424570627985,0.9120975356033546
2025-06-25,1040.9699999999998,1051.9699999999998,1066.5399061156625,2.4563537965227304,1.3850115607538869
2025-06-26,1040.9699999999998,1051.9699999999998,1064.9067592609174,2.299466772425488,1.2297650371129973
2025-06-27,1040.9699999999998,1051.9699999999998,1070.1784718234342,2.805889874197563,1.7308926892814787
2025-06-28,1040.9699999999998,1051.9699999999998,1071.2323553448198,2.90713040191552,1.8310745881365422
2025-06-29,1040.9699999999998,1051.9699999999998,1071.8716938842367,2.9685479777742807,1.891849946694005
2025-06-30,1040.9699999999998,1051.9699999999998,1068.154534535693,2.6114618611192713,1.5384977267120998
2025-07-01,1040.9699999999998,1051.9699999999998,1052.6507951285307,1.122106797365046,0.06471621134927018
2025-07-02,1168.9899999999998,1179.9899999999998,1190.9160022772182,1.87563642778967,0.9259402433256604
2025-07-03,1168.9899999999998,1179.9899999999998,1198.9364786990689,2.561739510095816,1.6056473952380172
2025-07-04,1168.9899999999998,1179.9899999999998,1193.1422919555137,2.066081998606821,1.1146104590304897
2025-07-05,1168.9899999999998,1179.9899999999998,1193.169635521519,2.0684210747328233,1.1169277300247658
2025-07-06,1168.9899999999998,1179.9899999999998,1194.213468566691,2.157714656814112,1.2053889072527126
2025-07-07,1168.9899999999998,1179.9899999999998,1190.7154620238862,1.858481426178701,0.908945162576496
2025-07-08,1168.9899999999998,1179.9899999999998,1198.36514725298,2.5128655722444373,1.5572290657531205
2025-07-09,1168.9899999999998,1179.9899999999998,1208.0851559008422,3.3443533221706288,2.380965593000147
2025-07-10,1168.9899999999998,1179.9899999999998,1219.8106001565918,4.34739391753497,3.374655730691959
2025-07-11,1168.9899999999998,1179.9899999999998,1221.35830703037,4.479790847686488,3.505818441713088
2025-07-12,1168.9899999999998,1179.9899999999998,1221.201363463999,4.466365278060489,3.49251802676288
2025-07-13,1168.9899999999998,1179.9899999999998,1222.6056107047852,4.586490107253739,3.6115230387363852
2025-07-14,1168.9899999999998,1179.9899999999998,1225.0147511044538,4.792577447579024,3.8156892096080504
2025-07-15,1168.9899999999998,1179.9899999999998,1238.6806820116356,5.961614899326409,4.9738287622467805
2025-07-16,1199.9899999999998,1210.9899999999998,1271.6666985409265,5.973107987643793,5.010503682187858
2025-07-17,1199.9899999999998,1210.9899999999998,1287.910804329366,7.326794750736784,6.351894262493195
2025-07-18,1199.9899999999998,1210.9899999999998,1283.3774632733343,6.9490131812210585,5.977544263233765
2025-07-19,1199.9899999999998,1210.9899999999998,1283.432500556064,6.9535996596691865,5.982089080509688
2025-07-20,1199.9899999999998,1210.9899999999998,1283.8128872720906,6.985298816831046,6.013500299101632
2025-07-21,1199.9899999999998,1210.9899999999998,1284.7590929104902,7.064149943790397,6.091635183650599
2025-07-22,1199.9899999999998,1210.9899999999998,1276.2555270100106,6.35551354678046,5.389435669164142
2025-07-23,1199.9899999999998,1210.9899999999998,1284.444842392656,7.037962182406209,6.065685298198685
2025-07-24,1199.9899999999998,1210.9899999999998,1284.079555292589,7.007521337060246,6.035520961576004
2025-07-25,1199.9899999999998,1210.9899999999998,1291.3468609894685,7.61313519191566,6.635633736816053
2025-07-26,1199.9899999999998,1210.9899999999998,1291.526955255651,7.628143172497377,6.650505392749014
2025-07-27,1199.9899999999998,1210.9899999999998,1292.8109075067937,7.735140085066869,6.7565304013075185
2025-07-28,1199.9899999999998,1210.9899999999998,1307.5908336756424,8.966810863060749,7.977013325926942
2025-07-29,1199.9899999999998,1210.9899999999998,1323.7150008148558,10.310502655426797,9.308499724593599
2025-07-30,1199.9899999999998,1210.9899999999998,1339.435896899461,11.620588246523834,10.60668518315274
2025-07-31,1199.9899999999998,1210.9899999999998,1332.634876378121,11.053831813441874,10.045076869183161
2025-08-01,1199.9899999999998,1210.9899999999998,1295.9860272894705,7.999735605252605,7.018722474130317
2025-08-02,1199.9899999999998,1210.9899999999998,1293.731296436741,7.8118398017267925,6.832533417843363
2025-08-03,1199.9899999999998,1210.9899999999998,1296.095375829003,8.008848059484093,7.027752155591968
2025-08-04,1345.0199999999998,1356.0199999999998,1451.513456087454,7.917611343136476,7.042186404880033
2025-08-05,1345.0199999999998,1356.0199999999998,1446.2376229929066,7.525361927176315,6.653118906277699
2025-08-06,1345.0199999999998,1356.0199999999998,1440.0308587867319,7.063899331365492,6.1953996833919955
2025-08-07,1345.0199999999998,1356.0199999999998,1455.2898386591867,8.198379106569934,7.320676587306009
2025-08-08,1345.0199999999998,1356.0199999999998,1461.2100080704997,8.638533856039315,7.7572608125617615
2025-08-09,1345.0199999999998,1356.0199999999998,1460.8720079855923,8.613404111878824,7.732334920251365
2025-08-10,1345.0199999999998,1356.0199999999998,1461.5731824288075,8.665535265557969,7.7840431873281934
2025-08-11,1345.0199999999998,1356.0199999999998,1464.0399131792324,8.848932594253814,7.965952801524508
2025-08-12,1345.0199999999998,1356.0199999999998,1472.290497810468,9.462349839442405,8.57439402150914
2025-08-13,1345.0199999999998,1356.0199999999998,1486.6307971922026,10.528527248085746,9.631922625934935
2025-08-14,1345.0199999999998,1356.0199999999998,1483.425443707464,10.290214547550537,9.395543112008983
2025-08-15,1345.0199999999998,1356.0199999999998,1480.3000676952695,10.057848039082673,9.165061554790473
2025-08-16,1345.0199999999998,1356.0199999999998,1480.8653422076961,10.099875258932684,9.206747850894265
2025-08-17,1345.0199999999998,1356.0199999999998,1480.7793284429515,10.093480278579634,9.200404746460359
2025-08-18,1345.0199999999998,1356.0199999999998,1477.4395513444445,9.845173405930375,8.954112132892194
2025-08-19,1345.0199999999998,1356.0199999999998,1462.1848676923858,8.711013047567025,7.829152054717927
2025-08-20,1345.0199999999998,1356.0199999999998,1459.2819556386232,8.495186364412685,7.61507615216763
2025-08-21,1345.0199999999998,1356.0199999999998,1460.6374789283361,8.595967266534057,7.715039522155749
2025-08-22,1345.0199999999998,1356.0199999999998,1480.106337761207,10.043444540691384,9.15077489721444
2025-08-23,1345.0199999999998,1356.0199999999998,1479.6579430554832,10.010107140078473,9.117707928753518
2025-08-24,1345.0199999999998,1356.0199999999998,1479.137313533055,9.971399200982535,9.079313987482138
2025-08-25,1345.0199999999998,1356.0199999999998,1470.4752139099955,9.327386500572171,8.440525501835948
2025-08-26,1345.0199999999998,1356.0199999999998,1476.3574494939496,9.7647209330679,8.874312288458126
2025-08-27,1345.0199999999998,1356.0199999999998,1475.2960345132324,9.685806494567563,8.796038001890285
2025-08-28,1345.0199999999998,1356.0199999999998,1475.6550728200234,9.712500395534912,8.822515362607017
2025-08-29,1345.0199999999998,1356.0199999999998,1455.3939944408553,8.206122915707986,7.328357578859866
2025-08-30,1345.0199999999998,1356.0199999999998,1455.3032124834956,8.199373428164328,7.3216628429887365
2025-08-31,1345.0199999999998,1356.0199999999998,1454.616013529791,8.14828132888665,7.270985201530304
2025-09-01,1345.0199999999998,1356.0199999999998,1457.599345844141,8.370087124662923,7.490991714291918
2025-09-02,1465.0199999999998,1476.0199999999998,1566.7485603760827,6.9438342395382255,6.146838144204205
2025-09-03,1465.0199999999998,1476.0199999999998,1574.4930193456141,7.472459034389592,6.671523376757388
2025-09-04,1465.0199999999998,1476.0199999999998,1578.7259428937018,7.761391850875898,6.958302929072917
2025-09-05,1465.0199999999998,1476.0199999999998,1560.1063088133976,6.490444418055581,5.696827198371152
2025-09-06,1465.0199999999998,1476.0199999999998,1559.734711159058,6.465079736731118,5.671651546663203
2025-09-07,1465.0199999999998,1476.0199999999998,1561.0597119892288,6.555522244694892,5.76142003422915
2025-09-08,1465.0199999999998,1476.0199999999998,1566.4529001547353,6.923652929976079,6.126807235317648
2025-09-09,1465.0199999999998,1476.0199999999998,1575.2036456886365,7.520965289800599,6.719668140583239
2025-09-10,1465.0199999999998,1476.0199999999998,1594.1790141533538,8.816194601667833,8.005244790270734
2025-09-11,1465.0199999999998,1476.0199999999998,1600.6477081176733,9.257737649839157,8.443497250557149
2025-09-12,1465.0199999999998,1476.0199999999998,1608.9169157883546,9.82218097966955,9.003734081405051
2025-09-13,1465.0199999999998,1476.0199999999998,1609.0219939000026,9.829353449099868,9.010853098196696
2025-09-14,1465.0199999999998,1476.0199999999998,1608.013983508097,9.760548218324477,8.94256063658333
2025-09-15,1481.0199999999998,1492.0199999999998,1633.6771302544746,10.307567099328494,9.4943184578273
2025-09-16,1522.0599999999997,1533.0599999999997,1662.3422643029314,9.216605409966212,8.43295528569865
2025-09-17,1522.0599999999997,1533.0599999999997,1653.4221893774682,8.630552631135991,7.851107548136958
2025-09-18,1522.0599999999997,1533.0599999999997,1663.592905274301,9.298773062448351,8.514533369489868
2025-09-19,1522.0599999999997,1533.0599999999997,1665.7473186460409,9.440318952343612,8.655063640434241
2025-09-20,1522.0599999999997,1533.0599999999997,1665.704733277115,9.437521075195157,8.652285838591798
2025-09-21,1522.0599999999997,1533.0599999999997,1665.3975646744782,9.417339965210209,8.632249531947771
2025-09-22,1522.0599999999997,1533.0599999999997,1675.154786102041,10.05839363113421,9.268703514672703
2025-09-23,1522.0599999999997,1533.0599999999997,1670.705683034927,9.766085636238211,8.978492885792292
2025-09-24,1522.0599999999997,1533.0599999999997,1673.020967522429,9.918200827985048,9.1295166218171
2025-09-25,1522.0599999999997,1533.0599999999997,1669.2979902744644,9.673599613317787,8.886670467852836
2025-09-26,1522.0599999999997,1533.0599999999997,1679.3486823029427,10.333934424591872,9.542267250006068
2025-09-27,1522.0599999999997,1533.0599999999997,1679.4164067001095,10.338383946763585,9.546684846001451
2025-09-28,1522.0599999999997,1533.0599999999997,1681.1353923789563,10.451322048996534,9.65881259565553
2025-09-29,1522.0599999999997,1533.0599999999997,1687.9934038614963,10.901896368178429,10.10615395754221
2025-09-30,1522.0599999999997,1533.0599999999997,1691.2055542357589,11.112936036408499,10.315679375612122
2025-10-01,1522.0599999999997,1533.0599999999997,1708.1188662025509,12.224147944401087,11.418918124701653
2025-10-02,1670.1599999999996,1681.1599999999996,1853.3024415156415,10.965562671578883,10.239503766187745
2025-10-03,1670.1599999999996,1681.1599999999996,1851.4524214184323,10.854793637641468,10.129459505248324
2025-10-04,1670.1599999999996,1681.1599999999996,1850.5697377107188,10.80194338929918,10.076955061428963
2025-10-05,1670.1599999999996,1681.1599999999996,1851.1149317053391,10.834586608788351,10.109384693029785
2025-10-06,1670.1599999999996,1681.1599999999996,1895.114851790167,13.469059957738624,12.72662041627016
2025-10-07,1670.1599999999996,1681.1599999999996,1897.4858484972385,13.611022207287862,12.867653792455148
2025-10-08,1670.1599999999996,1681.1599999999996,1940.5334403106883,16.188475374256882,15.42824242253496
2025-10-09,1670.1599999999996,1681.1599999999996,1936.5680475167164,15.951049451352976,15.192370001470227
2025-10-10,1670.1599999999996,1681.1599999999996,1881.903351431848,12.678027939350029,11.940764200424018
2025-10-11,1670.1599999999996,1681.1599999999996,1880.6533676049926,12.603185778906992,11.86641173981019
2025-10-12,1670.1599999999996,1681.1599999999996,1884.75294879308,12.848646165222513,12.110266053979414
2025-10-13,1670.1599999999996,1681.1599999999996,1905.5270720711628,14.092486472623175,13.345967788382024
2025-10-14,1670.1599999999996,1681.1599999999996,1896.8553829475,13.573273395812398,12.830151975273047
2025-10-15,1670.1599999999996,1681.1599999999996,1918.5714480530646,14.873512002027653,14.121882988714047
2025-10-16,1680.2099999999996,1691.2099999999996,1925.4178385024197,14.593880437708396,13.848536757849125
2025-10-17,1680.2099999999996,1691.2099999999996,1909.5102173566681,13.647116572134948,12.907930851678302
2025-10-18,1680.2099999999996,1691.2099999999996,1910.7173150070869,13.718958642496315,12.979305645489758
2025-10-19,1680.2099999999996,1691.2099999999996,1911.4187212782722,13.760703797636765,13.020779281004291
2025-10-20,1680.2099999999996,1691.2099999999996,1944.4814045601308,15.728474688290827,14.975751359093865
2025-10-21,1680.2099999999996,1691.2099999999996,1940.1669770613714,15.471695625033293,14.72064244306573
2025-10-22,1680.2099999999996,1691.2099999999996,1924.2102891914305,14.522011486149411,13.777135257681246
2025-10-23,1680.2099999999996,1691.2099999999996,1939.3230353728727,15.421467279261117,14.670740793448076
2025-10-24,1680.2099999999996,1691.2099999999996,1959.6890459713832,16.63357830100902,15.874967979812304
2025-10-25,1680.2099999999996,1691.2099999999996,1960.6707368447987,16.692004978234817,15.93301463714141
2025-10-26,1680.2099999999996,1691.2099999999996,1962.3284804793288,16.790667861715463,16.031035795633265
2025-10-27,1680.2099999999996,1691.2099999999996,1987.2986468478764,18.27680152170722,17.50750331702609
2025-10-28,1680.2099999999996,1691.2099999999996,1992.687691033758,18.597537869299583,17.826153525213222
2025-10-29,1680.2099999999996,1691.2099999999996,2007.2710445408286,19.465486132139976,18.68845646258177
2025-10-30,1680.2099999999996,1691.2099999999996,1991.493936342347,18.526489923423117,17.755567690727204
2025-10-31,1680.2099999999996,1691.2099999999996,1994.342718596178,18.69603910202763,17.92401408436436
2025-11-01,1680.2099999999996,1691.2099999999996,1994.4375422768444,18.70168266328881,17.92962093866787
2025-11-02,1680.2099999999996,1691.2099999999996,1995.3127094491942,18.753769436510602,17.981368928116247
2025-11-03,1750.2099999999996,1761.2099999999996,2071.6566939462778,18.366178569787525,17.626898208974414
2025-11-04,1820.3599999999997,1831.3599999999997,2115.855779568833,16.232820956779616,15.534672569502083
2025-11-05,1820.3599999999997,1831.3599999999997,2128.8598424534202,16.94718860299175,16.244749391349632
2025-11-06,1820.3599999999997,1831.3599999999997,2084.5616181716323,14.513701584941039,13.82587902824309
2025-11-07,1820.3599999999997,1831.3599999999997,2066.232469893699,13.506804692132295,12.825030026521244
2025-11-08,1820.3599999999997,1831.3599999999997,2065.3924116915978,13.460656776219986,12.779159296457177
2025-11-09,1820.3599999999997,1831.3599999999997,2067.442213232244,13.573260961141983,12.891087128267747
2025-11-10,1820.3599999999997,1831.3599999999997,2116.1416253805533,16.248523664580283,15.550280959535733
2025-11-11,1820.3599999999997,1831.3599999999997,2107.674133880814,15.783368887517558,15.087920118426448
2025-11-12,1820.3599999999997,1831.3599999999997,2135.702313686947,17.323074209878673,16.618377254441913
2025-11-13,1820.3599999999997,1831.3599999999997,2104.0632995154133,15.585010630612278,14.890753293476633
2025-11-14,1820.3599999999997,1831.3599999999997,2089.8718942329333,14.805417292894466,14.115842555965713
2025-11-15,1820.3599999999997,1831.3599999999997,2090.2104223494653,14.824014060376278,14.13432762261192
2025-11-16,1820.3599999999997,1831.3599999999997,2089.5176387773226,14.785956556797721,14.09649871010195
2025-11-17,1830.4199999999996,1841.4199999999996,2084.2962889637456,13.869838013338253,13.189619367865346
2025-11-18,1830.4199999999996,1841.4199999999996,2053.8961030747378,12.209006844043344,11.53870942396293
2025-11-19,1830.4199999999996,1841.4199999999996,2049.7019567231273,11.979871107348462,11.310942464137879
2025-11-20,1830.4199999999996,1841.4199999999996,2031.921193140358,11.008467627121552,10.345341809058135
2025-11-21,1703.6999999999996,1715.6999999999996,1797.0213557889624,5.47756974754727,4.739835390159284
2025-11-22,1703.6999999999996,1715.6999999999996,1796.7951655451336,5.4642933348085965,4.7266518357016984
2025-11-23,1703.6999999999996,1715.6999999999996,1798.5688919360346,5.5684035884272465,4.830033918286122
2025-11-24,1703.6999999999996,1715.6999999999996,1819.8712029810129,6.8187593461884894,6.071644400595284
2025-11-25,1703.6999999999996,1715.6999999999996,1820.6992253262335,6.867360763411046,6.119905888339102
2025-11-26,1703.6999999999996,1715.6999999999996,1837.6901795028543,7.864658067902493,7.110227866343462
2025-11-27,1703.6999999999996,1715.6999999999996,1836.0002947957507,7.765468967291846,7.011732517092217
2025-11-28,1703.6999999999996,1715.6999999999996,1839.6963320239402,7.982410754472066,7.227156963568258
2025-11-29,1703.6999999999996,1715.6999999999996,1839.7783066311051,7.987222317961236,7.231934873876876
2025-11-30,1703.6999999999996,1715.6999999999996,1839.073200357122,7.9458355553866555,7.190837579828783
2025-12-01,1703.6999999999996,1715.6999999999996,1832.7507595213926,7.574734960462116,6.822332547729386
2025-12-02,1791.6999999999996,1803.6999999999996,1915.4179274280411,6.905058180947791,6.193819783114796
2025-12-03,1791.6999999999996,1803.6999999999996,1916.1334396827297,6.944993005677853,6.23348892181239
2025-12-04,1851.8999999999996,1863.8999999999996,1981.3791840945828,6.991694157059408,6.302869472320574
2025-12-05,1851.8999999999996,1863.8999999999996,1982.4292333688616,7.04839534363961,6.359205610218464
2025-12-06,1851.8999999999996,1863.8999999999996,1982.28924571725,7.040836206990138,6.351695140149705
2025-12-07,1851.8999999999996,1863.8999999999996,1982.7178094764306,7.063978048298019,6.374687991653576
2025-12-08,1851.8999999999996,1863.8999999999996,1980.321667349424,6.934589737535737,6.246132697538727
2025-12-09,1851.8999999999996,1863.8999999999996,1986.0742190558265,7.245219453308864,6.554762543904011
2025-12-10,1851.8999999999996,1863.8999999999996,1982.6825184392032,7.062072381835069,6.3727945940878605
2025-12-11,1851.8999999999996,1863.8999999999996,1977.8134081570602,6.799147262652442,6.111562216699423
2025-12-12,1851.8999999999996,1863.8999999999996,1965.2284086017796,6.119574955547276,5.436365073329041
2025-12-13,1851.8999999999996,1863.8999999999996,1965.4581260889893,6.131979377341631,5.448689634046336
2025-12-14,1851.8999999999996,1863.8999999999996,1964.1802789856144,6.062977427810078,5.380131926906746
2025-12-15,1851.8999999999996,1863.8999999999996,1971.8024190012025,6.4745622874454805,5.789066956446313
2025-12-16,1913.9699999999996,1925.9699999999996,2025.3100145186797,5.817228823789306,5.1579211783506596
2025-12-17,1913.9699999999996,1925.9699999999996,2015.485054962024,5.303900006897933,4.647790721663596
2025-12-18,1913.9699999999996,1925.9699999999996,2033.8259314690442,6.262163538041071,5.6000836705163985
2025-12-19,1913.9699999999996,1925.9699999999996,2047.0315396797641,6.95212253482367,6.285743790389496
2025-12-20,1913.9699999999996,1925.9699999999996,2047.2937612908825,6.965822938232204,6.299358831699503
2025-12-21,1913.9699999999996,1925.9699999999996,2047.3054424247002,6.966433247370684,6.299965338229603
2025-12-22,1913.9699999999996,1925.9699999999996,2053.403442461702,7.285038034122924,6.616585017508192
2025-12-23,1913.9699999999996,1925.9699999999996,2057.320314979256,7.489684528976767,6.8199564364583365
2025-12-24,1913.9699999999996,1925.9699999999996,2056.7922711251817,7.462095598425378,6.792539402232755
2025-12-25,1913.9699999999996,1925.9699999999996,2056.2139861589067,7.431881699238082,6.762513754570794
2025-12-26,1913.9699999999996,1925.9699999999996,2056.865673949177,7.465930706812414,6.7963506154912885
2025-12-27,1913.9699999999996,1925.9699999999996,2057.4363694869985,7.495748077921752,6.825982205693701
2025-12-28,1913.9699999999996,1925.9699999999996,2057.421050723426,7.494947712003143,6.825186826556309
2025-12-29,1913.9699999999996,1925.9699999999996,2053.2313005639326,7.276044063592063,6.607647085049768
2025-12-30,1913.9699999999996,1925.9699999999996,2060.9333779883236,7.678457759960923,7.007553491919609
2025-12-31,1913.9699999999996,1925.9699999999996,2059.406131084588,7.598663045115058,6.928255948150213
2026-01-01,1913.9699999999996,1925.9699999999996,2060.17312925266,7.638736722762666,6.968079941674096
2026-01-02,1971.9699999999996,1983.9699999999996,2113.7127819147495,7.187877194620097,6.539553617985653
2026-01-03,1971.9699999999996,1983.9699999999996,2114.0833986285006,7.2066714315380604,6.558234178364647
2026-01-04,1971.9699999999996,1983.9699999999996,2115.0893699871654,7.257684953988439,6.608939146618438
2026-01-05,2032.2199999999996,2044.2199999999996,2207.398065173509,8.620034502834812,7.982412126557299
2026-01-06,2032.2199999999996,2044.2199999999996,2206.8676180815837,8.593932649102173,7.9564634961786975
2026-01-07,2032.2199999999996,2044.2199999999996,2208.2205542290712,8.660506944576458,8.022646986580295
2026-01-08,2032.2199999999996,2044.2199999999996,2208.399163549187,8.66929582177065,8.031384271222644
2026-01-09,2032.2199999999996,2044.2199999999996,2218.7368620348266,9.177985751288102,8.537088084199697
2026-01-10,2032.2199999999996,2044.2199999999996,2218.6657857153214,9.174488279582025,8.53361114338583
2026-01-11,2032.2199999999996,2044.2199999999996,2218.973515039527,9.189630799791718,8.548664773827046
2026-01-12,2032.2199999999996,2044.2199999999996,2226.797160447198,9.574611038529227,8.931385097846544
2026-01-13,2032.2199999999996,2044.2199999999996,2230.838067312265,9.773453037184241,9.129059852279383
2026-01-14,2032.2199999999996,2044.2199999999996,2223.6219434251248,9.418367274464636,8.776058517435755
2026-01-15,2032.2199999999996,2044.2199999999996,2240.521665393756,10.249956470940962,9.602766110974182
2026-01-16,2060.2999999999997,2072.2999999999997,2261.065060952669,9.744457649500998,9.108963999067175
2026-01-17,2060.2999999999997,2072.2999999999997,2260.7851942784055,9.730873866835207,9.095458875568488
2026-01-18,2060.2999999999997,2072.2999999999997,2259.249545521612,9.656338665321188,9.021355282614122
2026-01-19,2060.2999999999997,2072.2999999999997,2246.2422757213667,9.025009742336893,8.393682175426676
2026-01-20,2060.2999999999997,2072.2999999999997,2220.036344901274,7.753062413302635,7.129100270292629
2026-01-21,2060.2999999999997,2072.2999999999997,2231.154953118817,8.29272208507583,7.665634952411201
2026-01-22,2060.2999999999997,2072.2999999999997,2245.784626039686,9.002796973241093,8.371598033088173
2026-01-23,2060.7999999999997,2072.7999999999997,2243.8184516039187,8.880941945065944,8.2506007141991
2026-01-24,2060.7999999999997,2072.7999999999997,2243.615902214073,8.87111326737544,8.240828937382915
2026-01-25,2060.7999999999997,2072.7999999999997,2241.4791844051906,8.767429367487912,8.137745291643714
2026-01-26,2060.7999999999997,2072.7999999999997,2238.353411971649,8.615751745518704,7.986945772464756
2026-01-27,2060.7999999999997,2072.7999999999997,2235.59321557979,8.481813644205664,7.853783075057424
2026-01-28,2060.7999999999997,2072.7999999999997,2241.3645052169163,8.761864577684229,8.13221271791377
2026-01-29,2060.7999999999997,2072.7999999999997,2227.391723381834,8.083837508823471,7.458110931196164
2026-01-30,2060.7999999999997,2072.7999999999997,2234.355792034519,8.42176785881789,7.794084910966764
2026-01-31,2060.7999999999997,2072.7999999999997,2231.1688521628084,8.267122096409585,7.640334434716747
2026-02-01,2060.7999999999997,2072.7999999999997,2229.9339348168746,8.2071979239555,7.580757179509597
2026-02-02,2121.1,2133.1,2291.1990023744033,8.019376850426827,7.411701391139817
2026-02-03,2121.1,2133.1,2298.4893572249885,8.363083175002997,7.753474156157168
2026-02-04,2121.1,2133.1,2285.618586491547,7.756286195443261,7.150090782970654
2026-02-05,2121.1,2133.1,2255.6253489877017,6.342244542346038,5.744003984234299
2026-02-06,2121.1,2133.1,2289.8898415266285,7.957656005215624,7.350327763659867
2026-02-07,2121.1,2133.1,2289.1265774642848,7.921671654532311,7.314545847090378
2026-02-08,2121.1,2133.1,2289.411325774968,7.935096213048337,7.327894884204598
2026-02-09,2121.1,2133.1,2303.451636312011,8.59703155494843,7.986106432516578
2026-02-10,2121.1,2133.1,2300.657164212473,8.4652851922339,7.855101224156076
2026-02-11,2121.1,2133.1,2301.650099227525,8.512097460163366,7.901650144274772
2026-02-12,2121.1,2133.1,2282.7403980104245,7.620592994692596,7.015160939966464
2026-02-13,2121.1,2133.1,2277.75616777795,7.385609720331433,6.781499591109186
2026-02-14,2121.1,2133.1,2279.147175510931,7.451189265519358,6.846710211004223
2026-02-15,2121.1,2133.1,2278.4294807303504,7.41735329453352,6.813064588174511
2026-02-16,2131.19,2143.19,2286.6940744544913,7.2965842770701475,6.695816724345077
2026-02-17,2131.19,2143.19,2288.28388813651,7.37118174055387,6.769996506913061
2026-02-18,2131.19,2143.19,2312.438275303716,8.504557327301466,7.8970261761073965
2026-02-19,2131.19,2143.19,2309.21317517717,8.353228720910376,7.746544878296829
2026-02-20,2131.19,2143.19,2322.143985640797,8.959970046818766,8.349888980482218
2026-02-21,2131.19,2143.19,2322.2274475894014,8.963886260230264,8.353783266504667
2026-02-22,2131.19,2143.19,2321.4641414404828,8.928070300652815,8.31816784515058
2026-02-23,2131.19,2143.19,2317.389914347088,8.736898838071125,8.12806677649149
2026-02-24,2131.19,2143.19,2322.1310437100497,8.959362783705329,8.34928511751406
2026-02-25,2131.19,2143.19,2339.101395919611,9.755648061393451,9.141111890201573
2026-02-26,2131.19,2143.19,2330.5864639953834,9.356109215761304,8.743810114613417
2026-02-27,2131.19,2143.19,2321.2001463184565,8.915683084026128,8.305849986163452
2026-02-28,2131.19,2143.19,2321.8791017286244,8.94754112625455,8.337529651063337
2026-03-01,2131.19,2143.19,2321.4211476742726,8.92605294104573,8.316161781002734
2026-03-02,2131.19,2143.19,2323.1145694844336,9.005511919839785,8.395175858623524
2026-03-03,2131.19,2143.19,2284.2948128229255,7.184005781883614,6.5838685708185185
2026-03-04,2191.54,2203.54,2370.860600433626,8.18240143614199,7.593263586484755
2026-03-05,2191.54,2203.54,2348.480466025874,7.16119559879693,6.577619014216863
2026-03-06,2191.54,2203.54,2337.2420267053067,6.648385459782012,6.067601527782872
2026-03-07,2191.54,2203.54,2336.8322367808373,6.629686739956258,6.049004637121966
2026-03-08,2191.54,2203.54,2336.499304945673,6.614495055790587,6.033895683567033
2026-03-09,2191.54,2203.54,2334.2769850355994,6.513090568075391,5.9330434226562465
2026-03-10,2191.54,2203.54,2359.984968951052,7.686146223708079,7.099710872099078
2026-03-11,2191.54,2203.54,2352.286316457708,7.334856605752484,6.750334301065919
2026-03-12,2191.54,2203.54,2340.4377405649852,6.794205926653644,6.212627888079421
2026-03-13,2191.54,2203.54,2334.8304138629737,6.538343532993866,5.958158865415367
2026-03-14,2191.54,2203.54,2334.9809621036034,6.545213051260912,5.96499097377871
2026-03-15,2191.54,2203.54,2336.2152551712766,6.601533860722442,6.0210050723507
2026-03-16,2201.64,2213.64,2355.1049562109347,6.970483649049564,6.390603540364957
2026-03-17,2201.64,2213.64,2361.0043035642607,7.238436055134391,6.6571033936982
2026-03-18,2201.64,2213.64,2344.0237447801373,6.467167419747892,5.890015755955687
2026-03-19,2201.64,2213.64,2308.4886881456005,4.853140756236287,4.284738627130003
2026-03-20,2201.64,2213.64,2275.9511372061843,3.3752628588772198,2.8148722107562394
2026-03-21,2201.64,2213.64,2274.8443280881693,3.324990829026063,2.7648727023440762
2026-03-22,2201.64,2213.64,2274.3855956980756,3.304154888995281,2.7441497126034813
2026-03-23,2201.64,2213.64,2285.71367052879,3.8186838233675804,3.2558894187306877
2026-03-24,2201.64,2213.64,2283.717603004307,3.7280210663099824,3.1657181386452673
2026-03-25,2201.64,2213.64,2306.040010195268,4.741920122965987,4.174120913756002
2026-03-26,2201.64,2213.64,2272.339120134372,3.2112025641963333,2.6517012763761114
2026-03-27,2201.64,2213.64,2256.0729471890513,2.4723818239608404,1.9168856358329016
2026-03-28,2201.64,2213.64,2256.058954842353,2.4717462819694993,1.916253539073801
2026-03-29,2201.64,2213.64,2256.0251913323445,2.4702127201697226,1.9147282906138614
2026-03-30,2201.64,2213.64,2264.6412094522366,2.861558177187765,2.303952289091122
2026-03-31,2201.64,2213.64,2280.1359134040645,3.565338266204493,3.00391723153108
2026-04-01,2201.64,2213.64,2310.6468493026887,4.951165917347469,4.382232400150377
2026-04-02,2201.64,2213.64,2308.6555847112368,4.860721312804859,4.292278089989199
2026-04-03,2201.64,2213.64,2310.1066777879337,4.926630956374966,4.357830441622568
2026-04-04,2201.64,2213.64,2310.2300134056227,4.93223294478765,4.363402062016535
2026-04-05,2201.64,2213.64,2310.9383129212956,4.964404394964469,4.395399112832067
2026-04-06,2201.64,2213.64,2310.392111508361,4.9395955518777335,4.370724756887341
2026-04-07,2262.04,2274.04,2363.0013489977027,4.4632875191288734,3.9120397617325455
2026-04-08,2262.04,2274.04,2409.956879116588,6.539092107857863,5.976890429217956
2026-04-09,2262.04,2274.04,2411.257108709978,6.59657250579027,6.0340675058476645
2026-04-10,2262.04,2274.04,2414.3525308140643,6.733414564466777,6.170187455544507
2026-04-11,2262.04,2274.04,2414.3868693826744,6.734932599895423,6.171697480373011
2026-04-12,2262.04,2274.04,2413.3700916790726,6.689983009985352,6.126985087292777
2026-04-13,2262.04,2274.04,2414.1278109636087,6.723480175576414,6.16030548994779
2026-04-14,2262.04,2274.04,2437.563968945038,7.759543109097902,7.190901169066427
2026-04-15,2262.04,2274.04,2446.400766863091,8.150199238876905,7.579495825187382
2026-04-16,2262.04,2274.04,2454.801001953616,8.521555850189031,7.948892805474659
2026-04-17,2262.04,2274.04,2485.331550731238,9.87124678304708,9.29146148402131
2026-04-18,2262.04,2274.04,2484.3740248536387,9.828916590937329,9.249354666304848
2026-04-19,2262.04,2274.04,2483.403615993962,9.786016869461282,9.206681324601236
2026-04-20,2262.04,2274.04,2471.439327400847,9.257100997367294,8.680556516193521
2026-04-21,2262.04,2274.04,2462.9193249183318,8.880449723184904,8.305892812717973
2026-04-22,2262.04,2274.04,2470.6429866312337,9.221896457676865,8.645537749170366
2026-04-23,2262.04,2274.04,2470.65034934582,9.222221947702955,8.6458615216012
2026-04-24,2262.04,2274.04,2472.982117860757,9.325304497743506,8.748400109969799
2026-04-25,2262.04,2274.04,2472.941304349756,9.323500218818243,8.746605352137877
2026-04-26,2262.04,2274.04,2473.434032209643,9.345282674472742,8.768272862818737
2026-04-27,2262.04,2274.04,2475.039174391588,9.416242612490848,8.838858348647692
2026-04-28,2262.04,2274.04,2470.2837155626503,9.206013844257853,8.629738947540515
2026-04-29,2262.04,2274.04,2467.0106052241763,9.061316564878442,8.485805228763626
2026-04-30,2262.04,2274.04,2476.4451223994643,9.47839659773763,8.900684350295698
2026-05-01,2262.04,2274.04,2474.592715823537,9.396505624283268,8.81922551158015
2026-05-02,2262.04,2274.04,2474.8246556284535,9.406759192076777,8.82942497178825
2026-05-03,2262.04,2274.04,2474.725252080029,9.402364771623354,8.825053740480772
2026-05-04,2262.04,2274.04,2471.7330046992442,9.270083849058562,8.693470857999168
2026-05-05,2262.04,2274.04,2490.088408900736,10.081537413164043,9.50064242057026
2026-05-06,2262.04,2274.04,2531.5727890459643,11.915474043163002,11.324901454942058
2026-05-07,2262.04,2274.04,2533.5747034180586,12.003974439800295,11.412934839231438
2026-05-08,2262.04,2274.04,2535.4932142636812,12.08878774308506,11.49730058678305
2026-05-09,2262.04,2274.04,2535.7564691640346,12.100425684958472,11.508877115795439
2026-05-10,2262.04,2274.04,2536.942184016085,12.152843628586803,11.5610184524496
2026-05-11,2262.04,2274.04,2548.761002923121,12.675328593796792,12.080746289560473
2026-05-12,2262.04,2274.04,2526.0479330970625,11.671231856954895,11.081948123034884
2026-05-13,2262.04,2274.04,2548.5833292486222,12.667474016755772,12.072933160745734
2026-05-14,2262.04,2274.04,2578.069906275746,13.971013168456164,13.369593598870107
2026-05-15,2262.04,2274.04,2542.564229194041,12.401382344876362,11.808245641855079
2026-05-16,2262.04,2274.04,2541.9082888914545,12.372384612626416,11.779400929247267
2026-05-17,2262.04,2274.04,2541.533921351435,12.355834616162177,11.762938266320509
2026-05-18,2262.04,2274.04,2536.630754353454,12.139075982451859,11.547323457522912
2026-05-19,2262.04,2274.04,2525.909312837836,11.66510374873282,11.075852352545947
2026-05-20,2262.04,2274.04,2553.537242599601,12.886476039309699,12.290779520131622
2026-05-21,2262.04,2274.04,2548.93685910906,12.683102823515949,12.088479495042312
2026-05-22,2262.04,2274.04,2564.6845174370424,13.379273462761155,12.780976475217779
2026-05-23,2262.04,2274.04,2565.35746155012,13.409022897478392,12.810568923595023
2026-05-24,2262.04,2274.04,2565.224015240297,13.403123518606963,12.804700675462918
2026-05-25,2262.04,2274.04,2582.89808433131,14.184456699762615,13.581910798900207
2026-05-26,2262.04,2274.04,2573.9846183708078,13.790411238121687,13.189944696258985
2026-05-27,2262.04,2274.04,2571.003614043848,13.658627347166624,13.058856222575146
2026-05-28,2262.04,2274.04,2580.524478911822,14.079524628734328,13.477532449377405
2026-05-29,2262.04,2274.04,2582.6236334331315,14.172323806525597,13.569841930358814
2026-05-30,2262.04,2274.04,2582.8645548666186,14.182974433105455,13.580436354093099
2026-05-31,2262.04,2274.04,2582.7816056580186,14.179307424184307,13.576788695802128
2026-06-01,2262.04,2274.04,2586.540681899882,14.345488227435514,13.742092570925852
2026-06-02,2262.04,2274.04,2595.611652312866,14.746496627507305,14.140984868905838
2026-06-03,2262.04,2274.04,2575.42607989524,13.854135200758611,13.253332390601752
2026-06-04,2262.04,2274.04,2577.9973634140206,13.96780620210167,13.366403555523238
2026-06-05,2262.04,2274.04,2545.597782425681,12.535489311669162,11.94164493261689
2026-06-06,2262.04,2274.04,2545.4642712447726,12.52958706498438,11.935773831804745
2026-06-07,2262.04,2274.04,2547.0092649579865,12.597887966525196,12.003714312764355
2026-06-08,2262.04,2274.04,2546.313967304037,12.567150329085115,11.973138876362636
2026-06-09,2262.04,2274.04,2526.9286425899804,11.710166159306665,11.120676970940725
2026-06-10,2262.04,2274.04,2512.5561459517407,11.074788507353574,10.488652176379517
2026-06-11,2262.04,2274.04,2523.970944282544,11.57941257813939,10.99061337014935
2026-06-12,2262.04,2274.04,2563.0727077756505,13.308018769590749,12.710097789645328
2026-06-13,2262.04,2274.04,2563.656601780613,13.333831487533956,12.735774295114119
2026-06-14,2262.04,2274.04,2564.416638462429,13.367431100353183,12.769196604388187
2026-06-15,2262.04,2274.04,2591.0570331454096,14.545146555560894,13.940697311630826
2026-06-16,2262.04,2274.04,2588.3509198061774,14.425515013270212,13.821697059250388
2026-06-17,2262.04,2274.04,2589.0870684859738,14.45805858808747,13.85406890318437
2026-06-18,2262.04,2274.04,2601.6275401060625,15.012446292110774,14.405531129886128
2026-06-19,2262.04,2274.04,2600.4065005964126,14.958466720146973,14.351836405534318
2026-06-20,2262.04,2274.04,2600.993975041231,14.984437721756953,14.377670359414562
2026-06-21,2262.04,2274.04,2600.4502620313874,14.960401320550806,14.353760797144618
2026-06-22,2262.04,2274.04,2611.0616682908894,15.429509128525112,14.82039314571817
2026-06-23,2262.04,2274.04,2579.646352654304,14.040704525751266,13.438917198215684
2026-06-24,2262.04,2274.04,2577.6228862358244,13.951251358765735,13.34993607130149
2026-06-25,2262.04,2274.04,2569.468396025852,13.590758608417719,12.99134562390513
2026-06-26,2262.04,2274.04,2561.518709121215,13.23931977866064,12.641761319995037
2026-06-27,2262.04,2274.04,2561.392903644205,13.233758184833382,12.636229074431633
2026-06-28,2262.04,2274.04,2561.356460462255,13.23214710890414,12.634626500072788
2026-06-29,2262.04,2274.04,2560.0133997659004,13.172773238576704,12.575565942811053
2026-06-30,2262.04,2274.04,2581.0593652559755,14.103170821735054,13.501053862551915
2026-07-01,2262.04,2274.04,2587.8125405778383,14.401714407253555,13.798022047890024
2026-07-02,2262.04,2274.04,2581.6420469362142,14.12892994536853,13.52667705652558
2026-07-03,2262.04,2274.04,2593.778879019696,14.665473599922901,14.060389395951523
2026-07-04,2262.04,2274.04,2594.1138124549843,14.680280298093065,14.075117959885683
2026-07-05,2262.04,2274.04,2594.2285025321935,14.685350503624761,14.080161410185992
2026-07-06,2262.04,2274.04,2604.9350291430255,15.158663380975826,14.550976638186908
2026-07-07,2262.04,2274.04,2587.264189674398,14.377472974589223,13.773908536103063
2026-07-08,2262.04,2274.04,2572.136414024759,13.708706036354743,13.10867064892257
2026-07-09,2262.04,2274.04,2592.5014673685614,14.60900193491545,14.004215729211511
2026-07-10,2262.04,2274.04,2607.1774807826305,15.257797421028387,14.649587552665325
2026-07-11,2262.04,2274.04,2606.9428068679226,15.247422984028693,14.639267861072042
2026-07-12,2262.04,2274.04,2606.863275218285,15.243907058154802,14.635770488570335
2026-07-13,2262.04,2274.04,2597.1463258044732,14.814341293897245,14.208471522245574
2026-07-14,2262.04,2274.04,2605.4865737762434,15.18304600167298,14.575230592964218
2026-07-15,2262.04,2274.04,2601.273259443089,14.996784293959836,14.389951779348168
2026-07-16,2262.04,2274.04,2591.5478123495914,14.566842865271676,13.962279130955983
2026-07-17,2262.04,2274.04,2571.488949861723,13.680083016291627,13.080198671163354
2026-07-18,2262.04,2274.04,2571.8343619516295,13.695352953600711,13.095388029745719
2026-07-19,2262.04,2274.04,2571.928285344003,13.699505107955792,13.099518273381436
2026-07-20,2262.04,2274.04,2580.159616990707,14.063394855559896,13.461487792242313
2026-07-21,2262.04,2274.04,2599.552178577492,14.920698952162306,14.314267936249681
2026-07-22,2262.04,2274.04,2608.9814273573033,15.337546080409869,14.728915382196591
2026-07-23,2262.04,2274.04,2571.1053707750743,13.66312579685038,13.063330934155704
2026-07-24,2262.04,2274.04,2584.8736842092735,14.271793788318224,13.668787013828847
2026-07-25,2262.04,2274.04,2585.0342305882946,14.278891203882099,13.675846976671238
2026-07-26,2262.04,2274.04,2585.576329627914,14.30285625488118,13.699685565245742
2026-07-27,2262.04,2274.04,2572.9177879772556,13.743248924742957,13.143031256145695
2026-07-28,2262.04,2274.04,2574.546295551217,13.81524179728109,13.214644225748762
2026-07-29,2262.04,2274.04,2551.1632364028605,12.781526250767476,12.186383546589356
2026-07-30,2262.04,2274.04,2556.57798551403,13.02090084675912,12.424494974320153
2026-07-31,2262.04,2274.04,2567.472863152346,13.502540324324318,12.90359286346528
2026-08-01,2262.04,2274.04,2567.3842595972405,13.498623348713576,12.899696557546946
2026-08-02,2262.04,2274.04,2567.9087129121954,13.521808319578584,12.922759182432825
2026-08-03,2262.04,2274.04,2596.0220117145036,14.764637747984283,14.159030259560238
2026-08-04,2262.04,2274.04,2628.4624088191777,16.198759032518335,15.585583754867008
2026-08-05,2262.04,2274.04,2634.3598690735507,16.459473266323794,15.844922212166487
2026-08-06,2262.04,2274.04,2630.269159239513,16.278631643981235,15.665034882390511
2026-08-07,2262.04,2274.04,2641.9726486589107,16.796018136677983,16.179691151383032
2026-08-08,2262.04,2274.04,2642.303875949903,16.81066099405418,16.194256739103235
2026-08-09,2262.04,2274.04,2642.2291624691316,16.80735806922652,16.190971243651457
2026-08-10,2262.04,2274.04,2639.4480894442017,16.684412717909577,16.068674669056033
2026-08-11,2262.04,2274.04,2639.4982420462725,16.686629858281574,16.070880109684637
2026-08-12,2262.04,2274.04,2650.496950111477,17.172859459226054,16.554543900348147
2026-08-13,2262.04,2274.04,2661.0813858189717,17.64077495618874,17.019990229678097
2026-08-14,2262.04,2274.04,2657.151924326852,17.46706178170378,16.84719373128231
2026-08-15,2262.04,2274.04,2657.1870760191787,17.468615763610668,16.84873951290121
2026-08-16,2262.04,2274.04,2656.9773835589713,17.45934570383244,16.839518370783775
2026-08-17,2262.04,2274.04,2656.0982021115296,17.420478953136538,16.80085671806695
2026-08-18,2262.04,2274.04,2631.364365481396,16.327048393547237,15.713196139091481
2026-08-19,2262.04,2274.04,2630.7995225290197,16.302077882310645,15.68835739604491
2026-08-20,2262.04,2274.04,2624.5291934378315,16.024879906537087,15.41262218069302
2026-08-21,2262.04,2274.04,2631.805240930214,16.346538563872173,15.732583460722507
2026-08-22,2262.04,2274.04,2631.535546194296,16.334615930500608,15.720723742515345
2026-08-23,2262.04,2274.04,2632.335502005,16.36998028350515,15.755901479525422
2026-08-24,2262.04,2274.04,2623.326665238568,15.97171868041979,15.359741483815933
2026-08-25,2262.04,2274.04,2632.161416374104,16.36228432627647,15.748246133493879
2026-08-26,2262.04,2274.04,2630.845411009702,16.30410651490256,15.690375323639946
2026-08-27,2262.04,2274.04,2644.864753184274,16.92387195559203,16.306870291827494
2026-08-28,2262.04,2274.04,2644.661997680263,16.914908563962754,16.297954199585895
2026-08-29,2262.04,2274.04,2645.01878156369,16.930681224190998,16.31364362824269
2026-08-30,2262.04,2274.04,2644.2312606612354,16.895866592157322,16.279012711352284
2026-08-31,2262.04,2274.04,2634.6324448555047,16.47152326464186,15.856908623221436
2026-09-01,2262.04,2274.04,2624.7572287828525,16.034960866423784,15.422649943837952
2026-09-02,2262.04,2274.04,2629.01156687972,16.22303614788951,15.609732761064882
2026-09-03,2262.04,2274.04,2651.921999510154,17.235857876525344,16.61720987802123
2026-09-04,2262.04,2274.04,2645.6670414166283,16.95933942002035,16.342150596147313
2026-09-05,2262.04,2274.04,2645.9324371214516,16.971072002327617,16.35382126618053
2026-09-06,2262.04,2274.04,2646.4150747062204,16.99240838827874,16.375045061046436
2026-09-07,2262.04,2274.04,2642.79034653931,16.832166829026463,16.215649088815947
2026-09-08,2262.04,2274.04,2640.8676750387503,16.747169591994414,16.13110037812661
2026-09-09,2262.04,2274.04,2623.9070905112285,15.99737805305072,15.385265453168307
2026-09-10,2262.04,2274.04,2607.098379644895,15.254300527174367,14.646109111752434
2026-09-11,2262.04,2274.04,2628.6903389722256,16.208835342090573,15.595606892236974
2026-09-12,2262.04,2274.04,2628.7709967635146,16.212401052302997,15.599153786367639
2026-09-13,2262.04,2274.04,2628.2665802432603,16.190101865716798,15.576972271519423
2026-09-14,2262.04,2274.04,2606.6755907308525,15.235609924265377,14.627517138258453
2026-09-15,2262.04,2274.04,2601.8789447712475,15.023560360172567,14.416586549543872
2026-09-16,2262.04,2274.04,2612.8037229987713,15.506521679491577,14.896999305147284
2026-09-17,2262.04,2274.04,2634.9188577692344,16.484184973264593,15.869503516615117
2026-09-18,2262.04,2274.04,2625.170452346969,16.053228605460955,15.440821284892477
2026-09-19,2262.04,2274.04,2625.318100763456,16.059755829404267,15.447314064988138
2026-09-20,2262.04,2274.04,2625.2942103508226,16.05869968483416,15.446263493642268
2026-09-21,2262.04,2274.04,2657.689139555542,17.490810929759963,16.870817556223383
2026-09-22,2262.04,2274.04,2662.3839519880685,17.69835864918695,17.0772700562905
2026-09-23,2262.04,2274.04,2650.743186231326,17.183745036839582,16.565372035290764
2026-09-24,2262.04,2274.04,2640.782932492791,16.743423303424837,16.127373858542118
2026-09-25,2262.04,2274.04,2654.0547851251918,17.33014381377835,16.710998272906007
2026-09-26,2262.04,2274.04,2653.7743403210316,17.31774594264609,16.698665824745017
2026-09-27,2262.04,2274.04,2653.8054234493998,17.31912006195292,16.70003269289018
2026-09-28,2262.04,2274.04,2651.7294042533945,17.227343647919334,16.608740578591163
