Date,capitale_versato,costo_totale,valore_totale,rendimento_percentuale,rendimento_netto_percentuale
2024-11-13,9.0,10.0,9.0297205569458,0.33022841050889756,-9.702794430541992
2024-11-14,9.0,10.0,9.0034093069458,0.037881188286665375,-9.965906930542001
2024-11-15,9.0,10.0,8.8781675,-1.3536944444444445,-11.218325
2024-11-16,9.0,10.0,8.8781675,-1.3536944444444445,-11.218325
2024-11-17,9.0,10.0,8.8781675,-1.3536944444444445,-11.218325
2024-11-18,9.0,10.0,8.898013810119629,-1.133179887559679,-11.019861898803711
2024-11-19,9.0,10.0,8.887639623413087,-1.2484486287434826,-11.123603765869134
2024-11-20,9.0,10.0,8.896209683532716,-1.1532257385253826,-11.037903164672844
2024-11-21,9.0,10.0,9.0222030569458,0.24670063273111412,-9.777969430541997
2024-11-22,9.0,10.0,9.124440873413086,1.3826763712565082,-8.755591265869143
2024-11-23,9.0,10.0,9.124440873413086,1.3826763712565082,-8.755591265869143
2024-11-24,9.0,10.0,9.124440873413086,1.3826763712565082,-8.755591265869143
2024-11-25,9.0,10.0,9.101287303771972,1.1254144863552462,-8.987126962280279
2024-11-26,9.0,10.0,9.135717123413086,1.5079680379231735,-8.642828765869144
2024-11-27,9.0,10.0,9.040695813293457,0.4521757032606328,-9.59304186706543
2024-11-28,9.0,10.0,9.082643132934571,0.9182570326063436,-9.17356867065429
2024-11-29,9.0,10.0,9.112863629760742,1.2540403306749128,-8.871363702392578
2024-11-30,9.0,10.0,9.112863629760742,1.2540403306749128,-8.871363702392578
2024-12-01,9.0,10.0,9.112863629760742,1.2540403306749128,-8.871363702392578
2024-12-02,9.0,10.0,9.185933509521485,2.0659278835720545,-8.140664904785151
2024-12-03,9.0,10.0,9.161126310119629,1.7902923346625441,-8.38873689880371
2024-12-04,9.0,10.0,9.189842756347655,2.1093639594183915,-8.101572436523448
2024-12-05,9.0,10.0,9.174507680358886,1.9389742262098428,-8.254923196411141
2024-12-06,9.0,10.0,9.180671626586914,2.0074625176323795,-8.193283734130858
2024-12-07,9.0,10.0,9.180671626586914,2.0074625176323795,-8.193283734130858
2024-12-08,9.0,10.0,9.180671626586914,2.0074625176323795,-8.193283734130858
2024-12-09,9.0,10.0,9.142182063293458,1.5798007032606403,-8.578179367065424
2024-12-10,9.0,10.0,9.181123117065429,2.012479078504765,-8.188768829345712
2024-12-11,9.0,10.0,9.2402105569458,2.669006188286676,-7.5978944305419915
2024-12-12,9.0,10.0,9.226678689880371,2.5186521097819026,-7.733213101196287
2024-12-13,18.0,20.0,18.40846308644867,2.2692393691592767,-7.957684567756651
2024-12-14,18.0,20.0,18.40846308644867,2.2692393691592767,-7.957684567756651
2024-12-15,18.0,20.0,18.40846308644867,2.2692393691592767,-7.957684567756651
2024-12-16,18.0,20.0,18.45163146638489,2.5090637021382713,-7.741842668075556
2024-12-17,18.0,20.0,18.402500066795348,2.236111482196377,-7.987499666023261
2024-12-18,18.0,20.0,18.453726793136596,2.5207044063144224,-7.731366034317019
2024-12-19,18.0,20.0,18.152910543769835,0.8495030209435268,-9.235447281150826
2024-12-20,18.0,20.0,18.204768910202027,1.1376050566779286,-8.976155448989864
2024-12-21,18.0,20.0,18.204768910202027,1.1376050566779286,-8.976155448989864
2024-12-22,18.0,20.0,18.204768910202027,1.1376050566779286,-8.976155448989864
2024-12-23,18.0,20.0,18.171495823295594,0.9527545738644092,-9.142520883522032
2024-12-24,18.0,20.0,18.171495823295594,0.9527545738644092,-9.142520883522032
2024-12-25,18.0,20.0,18.171495823295594,0.9527545738644092,-9.142520883522032
2024-12-26,18.0,20.0,18.171495823295594,0.9527545738644092,-9.142520883522032
2024-12-27,18.0,20.0,18.244487743652343,1.358265242513015,-8.777561281738286
2024-12-28,18.0,20.0,18.244487743652343,1.358265242513015,-8.777561281738286
2024-12-29,18.0,20.0,18.244487743652343,1.358265242513015,-8.777561281738286
2024-12-30,18.0,20.0,18.147372423225406,0.8187356845855871,-9.263137883872972
2024-12-31,18.0,20.0,18.147372423225406,0.8187356845855871,-9.263137883872972
2025-01-01,18.0,20.0,18.147372423225406,0.8187356845855871,-9.263137883872972
2025-01-02,18.0,20.0,18.36799427015686,2.044412611982555,-8.1600286492157
2025-01-03,18.0,20.0,18.34987610962677,1.9437561645931665,-8.25061945186615
2025-01-04,18.0,20.0,18.34987610962677,1.9437561645931665,-8.25061945186615
2025-01-05,18.0,20.0,18.34987610962677,1.9437561645931665,-8.25061945186615
2025-01-06,18.0,20.0,18.465642893089296,2.586904961607199,-7.671785534553521
2025-01-07,18.0,20.0,18.30701693320465,1.7056496289147245,-8.464915333976748
2025-01-08,18.0,20.0,18.317517526657106,1.7639862592061444,-8.41241236671447
2025-01-09,18.0,20.0,18.326032926246643,1.8112940347035749,-8.369835368766783
2025-01-10,18.0,20.0,18.153733856452945,0.8540769802941384,-9.231330717735275
2025-01-11,18.0,20.0,18.153733856452945,0.8540769802941384,-9.231330717735275
2025-01-12,18.0,20.0,18.153733856452945,0.8540769802941384,-9.231330717735275
2025-01-13,18.0,20.0,18.132913736824037,0.7384096490224262,-9.335431315879816
2025-01-14,18.0,20.0,18.10225921336365,0.568106740909159,-9.488703933181757
2025-01-15,18.0,20.0,18.401985039962767,2.2332502220153727,-7.990074800186164
2025-01-16,18.0,20.0,18.44224630344391,2.456923908021717,-7.788768482780455
2025-01-17,18.0,20.0,18.616312303138734,3.423957239659635,-6.9184384843063285
2025-01-18,18.0,20.0,18.616312303138734,3.423957239659635,-6.9184384843063285
2025-01-19,18.0,20.0,18.616312303138734,3.423957239659635,-6.9184384843063285
2025-01-20,18.0,20.0,18.504254505889893,2.801413921610517,-7.478727470550535
2025-01-21,18.0,20.0,18.513735756828307,2.85408753793504,-7.431321215858463
2025-01-22,18.0,20.0,18.691918556159976,3.843991978666534,-6.54040721920012
2025-01-23,18.0,20.0,18.711477896896362,3.9526549827575668,-6.442610515518191
2025-01-24,18.0,20.0,18.61229557057953,3.401642058775166,-6.938522147102351
2025-01-25,18.0,20.0,18.61229557057953,3.401642058775166,-6.938522147102351
2025-01-26,18.0,20.0,18.61229557057953,3.401642058775166,-6.938522147102351
2025-01-27,18.0,20.0,18.270491786811828,1.5027321489545997,-8.64754106594086
2025-01-28,18.0,20.0,18.530834323143004,2.9490795730166908,-7.345828384284977
2025-01-29,18.0,20.0,18.581649256980896,3.2313847610049766,-7.091753715095521
2025-01-30,18.0,20.0,18.59974572288513,3.331920682695176,-7.001271385574341
2025-01-31,18.0,20.0,18.82187837310791,4.565990961710615,-5.890608134460447
2025-02-01,18.0,20.0,18.82187837310791,4.565990961710615,-5.890608134460447
2025-02-02,18.0,20.0,18.82187837310791,4.565990961710615,-5.890608134460447
2025-02-03,68.0,70.0,68.79572055786133,1.1701772909725439,-1.7203992030552433
2025-02-04,68.0,70.0,68.7555016338501,1.111031814485444,-1.7778548087855686
2025-02-05,68.0,70.0,68.46482782020568,0.6835703238318888,-2.1931031139918797
2025-02-06,68.0,70.0,69.26874485043336,1.8658012506373007,-1.0446502136666223
2025-02-07,68.0,70.0,69.16298168843079,1.7102671888688088,-1.1957404450988716
2025-02-08,68.0,70.0,69.16298168843079,1.7102671888688088,-1.1957404450988716
2025-02-09,68.0,70.0,69.16298168843079,1.7102671888688088,-1.1957404450988716
2025-02-10,68.0,70.0,69.52138311122131,2.2373281047372227,-0.6837384125409838
2025-02-11,68.0,70.0,69.33214810914612,1.9590413369795854,-0.9540741297912599
2025-02-12,106.1,110.1,107.08143058139086,0.9250052605003464,-2.7416615972834992
2025-02-13,106.1,110.1,107.75760091571463,1.5623005803153995,-2.127519604255551
2025-02-14,106.1,110.1,107.60396832524158,1.4175007777960293,-2.2670587418332544
2025-02-15,106.1,110.1,107.61351422367908,1.4264978545514433,-2.258388534351425
2025-02-16,106.1,110.1,107.50172660649157,1.3211372351475765,-2.3599213383364406
2025-02-17,106.1,110.1,107.75099923645999,1.5560784509519276,-2.1335156798728474
2025-02-18,106.1,110.1,107.74951894364384,1.5546832645088038,-2.134860178343469
2025-02-19,106.1,110.1,108.43572650717417,2.201438743802236,-1.5116017191878546
2025-02-20,106.1,110.1,107.62083413663711,1.4333969242574176,-2.2517401120462126
2025-02-21,106.1,110.1,106.92860028060862,0.7809616216857926,-2.8804720430439366
2025-02-22,106.1,110.1,106.9694534056086,0.8194659807809707,-2.8433665707460403
2025-02-23,106.1,110.1,106.93354090560861,0.7856181956725873,-2.875984645223783
2025-02-24,106.1,110.1,105.51537116673728,-0.5510168079761665,-4.164058885797195
2025-02-25,106.1,110.1,103.274689331195,-2.662875276913278,-6.1991922514123425
2025-02-26,106.1,110.1,103.39893139792505,-2.545776250777512,-6.08634750415526
2025-02-27,106.1,110.1,103.43488965390665,-2.5118853403330283,-6.05368787111112
2025-02-28,106.1,110.1,103.01398107317854,-2.908594652989117,-6.435984493025843
2025-03-01,106.1,110.1,103.14984759661604,-2.7805394942355828,-6.312581656116216
2025-03-02,134.35999999999999,139.35999999999999,132.00428603945662,-1.753285174563389,-5.2782103620431755
2025-03-03,184.35999999999999,189.35999999999999,175.53103380380978,-4.788981447271755,-7.303002849699097
2025-03-04,184.35999999999999,189.35999999999999,171.4750090543947,-6.989038265136307,-9.44496775750174
2025-03-05,184.35999999999999,189.35999999999999,169.71327734866193,-7.944631509729905,-10.375328818830827
2025-03-06,184.35999999999999,189.35999999999999,170.3937179614123,-7.5755489469449335,-10.015991782101647
2025-03-07,184.35999999999999,189.35999999999999,165.75547252228995,-10.091412170595595,-12.46542431226766
2025-03-08,184.35999999999999,189.35999999999999,165.18027187882683,-10.403410783886503,-12.769184685875137
2025-03-09,184.35999999999999,189.35999999999999,162.93312683617853,-11.622300479399792,-13.955889925972464
2025-03-10,184.35999999999999,189.35999999999999,159.84512183514065,-13.297286919537504,-15.586648798510424
2025-03-11,194.35999999999999,199.35999999999999,169.65007651408098,-12.713481933483745,-14.902650223675264
2025-03-12,194.35999999999999,199.35999999999999,172.6519204678911,-11.169005727571973,-13.396909877662964
2025-03-13,194.35999999999999,199.35999999999999,171.26691370364546,-11.881604392032584,-14.09163638460801
2025-03-14,194.35999999999999,199.35999999999999,174.24503834165088,-10.349331991330061,-12.597793769236107
2025-03-15,194.35999999999999,199.35999999999999,174.62642370236867,-10.153105730413314,-12.406488913338341
2025-03-16,194.35999999999999,199.35999999999999,173.70849527677052,-10.625388312013515,-12.866926526499531
2025-03-17,204.35999999999999,209.35999999999999,183.6367889920726,-10.140541695012416,-12.286592953729164
2025-03-18,204.35999999999999,209.35999999999999,181.48501093119074,-11.193476741441204,-13.314381481089626
2025-03-19,283.71999999999997,289.71999999999997,260.1252099485436,-8.316223759853504,-10.214962740389467
2025-03-20,283.71999999999997,289.71999999999997,257.3371963846504,-9.298887500123216,-11.177275857845364
2025-03-21,283.71999999999997,289.71999999999997,257.8928378151538,-9.103046025957335,-10.985490192201487
2025-03-22,293.71999999999997,299.71999999999997,267.6191463323047,-8.886304530741958,-10.710280817995221
2025-03-23,303.71999999999997,309.71999999999997,278.69174524996833,-8.240568533528132,-10.01816309893828
2025-03-24,415.42999999999995,423.42999999999995,399.6247479516938,-3.8045524031259563,-5.622004120706176
2025-03-25,415.42999999999995,423.42999999999995,403.9500362840073,-2.763393042388045,-4.600515720660477
2025-03-26,425.4599999999999,433.4599999999999,405.4640953511949,-4.699831864054209,-6.458705451207734
2025-03-27,425.4599999999999,433.4599999999999,402.5581790872805,-5.382837614045837,-7.1291055490055415
2025-03-28,425.4599999999999,433.4599999999999,390.25518762513747,-8.274529303544979,-9.967427761468754
2025-03-29,425.4599999999999,433.4599999999999,388.9581175959321,-8.579392282251641,-10.2666641452655
2025-03-30,425.4599999999999,433.4599999999999,389.09190202546705,-8.547947627164218,-10.23579983724747
2025-03-31,425.4599999999999,433.4599999999999,385.30421471622066,-9.438204598265235,-11.10962609785892
2025-04-01,425.4599999999999,433.4599999999999,390.43968198212923,-8.23116580122002,-9.924864582169219
2025-04-02,500.4599999999999,508.4599999999999,465.2734505964811,-7.03084150651777,-8.493598199173746
2025-04-03,500.4599999999999,508.4599999999999,438.5769251042676,-12.365238959303904,-13.744065392701946
2025-04-04,563.9699999999999,572.9699999999999,471.82948849643844,-16.33783915874275,-17.651973315105764
2025-04-05,563.9699999999999,572.9699999999999,471.707947998178,-16.35939003880028,-17.673185681941803
2025-04-06,563.9699999999999,572.9699999999999,467.45426068645617,-17.113630035913925,-18.415578357251473
2025-04-07,603.9699999999999,613.9699999999999,493.0558931895579,-18.36417484485025,-19.693813510504103
2025-04-08,653.9699999999999,664.9699999999999,541.8603442576405,-17.14293556927068,-18.513565385259405
2025-04-09,653.9699999999999,664.9699999999999,565.201684452608,-13.573759583374152,-15.003431064167094
2025-04-10,653.9699999999999,664.9699999999999,563.7825348929025,-13.790764883266421,-15.216846640765361
2025-04-11,653.9699999999999,664.9699999999999,564.4699430070473,-13.685651787230707,-15.113472336038114
2025-04-12,653.9699999999999,664.9699999999999,566.9873866740638,-13.300703904756503,-14.73489229979339
2025-04-13,653.9699999999999,664.9699999999999,565.9591469109143,-13.457934322535525,-14.88952179633451
2025-04-14,653.9699999999999,664.9699999999999,575.12586537811,-12.056231114866113,-13.511005702797107
2025-04-15,653.9699999999999,664.9699999999999,581.5172362410002,-11.078912451488558,-12.549853942132685
2025-04-16,710.9699999999999,721.9699999999999,624.693102197462,-12.13509681175547,-13.473814397071607
2025-04-17,710.9699999999999,721.9699999999999,618.2164526579763,-13.046056421793267,-14.370894544374918
2025-04-18,710.9699999999999,721.9699999999999,618.009157169869,-13.075213135593755,-14.399607023855687
2025-04-19,710.9699999999999,721.9699999999999,618.8207233799203,-12.961063985833384,-14.287197060830728
2025-04-20,710.9699999999999,721.9699999999999,618.2599046534879,-13.03994477214398,-14.364876012370607
2025-04-21,710.9699999999999,721.9699999999999,612.3407319225928,-13.872493646343322,-15.184740096874819
2025-04-22,710.9699999999999,721.9699999999999,618.6233593624537,-12.988823809379612,-14.314533933203071
2025-04-23,710.9699999999999,721.9699999999999,639.155678655106,-10.100893335146894,-11.470604228000315
2025-04-24,710.9699999999999,721.9699999999999,648.5199732365716,-8.783778044562832,-10.173556624711326
2025-04-25,710.9699999999999,721.9699999999999,659.43364316034,-7.248738602143537,-8.66190518160864
2025-04-26,710.9699999999999,721.9699999999999,659.4421617247816,-7.247540441258887,-8.660725276011235
2025-04-27,710.9699999999999,721.9699999999999,659.9025340889325,-7.182787728183667,-8.596959141109386
2025-04-28,710.9699999999999,721.9699999999999,660.7112176283186,-7.069044034443263,-8.484948456539922
2025-04-29,710.9699999999999,721.9699999999999,662.9922924441973,-6.748204221810002,-8.168996988213163
2025-04-30,710.9699999999999,721.9699999999999,661.5615094194656,-6.949448018978911,-8.367174616747839
2025-05-01,710.9699999999999,721.9699999999999,664.585948854789,-6.524051808826103,-7.9482597815990905
2025-05-02,798.9699999999999,809.9699999999999,766.0213118502419,-4.123895534220062,-5.425964930770032
2025-05-03,798.9699999999999,809.9699999999999,765.4255538094607,-4.198461292731799,-5.499518030363995
2025-05-04,798.9699999999999,809.9699999999999,764.3652585687746,-4.331169059066712,-5.630423525713954
2025-05-05,798.9699999999999,809.9699999999999,766.6457806357942,-4.045736306019721,-5.348867163500595
2025-05-06,798.9699999999999,809.9699999999999,761.6768642747189,-4.667651567052705,-5.962336348911811
2025-05-07,798.9699999999999,809.9699999999999,759.7629668599466,-4.907197158848685,-6.198628731934929
2025-05-08,798.9699999999999,809.9699999999999,778.0308075428916,-2.620773302765853,-3.9432562264168225
2025-05-09,798.9699999999999,809.9699999999999,784.0030291588859,-1.8732832072686163,-3.2059176069624886
2025-05-10,798.9699999999999,809.9699999999999,786.023093425717,-1.6204496507106572,-2.9565177197035615
2025-05-11,798.9699999999999,809.9699999999999,784.6937678956851,-1.786829556092816,-3.1206380612016216
2025-05-12,798.9699999999999,809.9699999999999,808.9703876130125,1.2516599638299999,-0.12341350753576688
2025-05-13,798.9699999999999,809.9699999999999,823.9425617659452,3.1255944235635047,1.7250715169630146
2025-05-14,798.9699999999999,809.9699999999999,832.1129613268726,4.148210987505493,2.733800181102095
2025-05-15,798.9699999999999,809.9699999999999,828.5071364085507,3.6969018121519883,2.2886201227885894
2025-05-16,865.9699999999999,876.9699999999999,899.8774379292688,3.915544179275136,2.6121119227874265
2025-05-17,865.9699999999999,876.9699999999999,899.4414724341177,3.865199999320739,2.5623992193709935
2025-05-18,865.9699999999999,876.9699999999999,901.6013677371509,4.114619182783582,2.808689891005506
2025-05-19,865.9699999999999,876.9699999999999,896.7857757613676,3.5585269421998134,2.2595728202068166
2025-05-20,865.9699999999999,876.9699999999999,897.3504262371154,3.623731334470645,2.323959341495769
2025-05-21,865.9699999999999,876.9699999999999,891.5686423485463,2.956065723817959,1.6646683864381198
2025-05-22,865.9699999999999,876.9699999999999,888.1835390108029,2.565162651223824,1.2786684847603622
2025-05-23,865.9699999999999,876.9699999999999,875.6364145785631,1.1162528238349076,-0.15206739357524784
2025-05-24,865.9699999999999,876.9699999999999,876.291634049702,1.1919158919710942,-0.07735338156355592
2025-05-25,865.9699999999999,876.9699999999999,876.7092383343053,1.2401397663089202,-0.02973438837071334
2025-05-26,865.9699999999999,876.9699999999999,880.216891654331,1.6451945973106552,0.3702397635416354
2025-05-27,865.9699999999999,876.9699999999999,892.9067401066416,3.1105858293753426,1.8172503171877776
2025-05-28,865.9699999999999,876.9699999999999,891.5893752535674,2.9584599066442783,1.6670325385779967
2025-05-29,865.9699999999999,876.9699999999999,893.128963451974,3.136247612731855,1.842590219958955
2025-05-30,865.9699999999999,876.9699999999999,883.2036284163637,1.9900953169698472,0.7108143284677682
2025-05-31,865.9699999999999,876.9699999999999,883.7504435321023,2.053240127498917,0.7731671017369315
2025-06-01,865.9699999999999,876.9699999999999,884.1510307788801,2.099498917847062,0.8188456593589518
2025-06-02,953.9699999999999,964.9699999999999,974.8423443604725,2.1879455706649624,1.0230726717382448
2025-06-03,953.9699999999999,964.9699999999999,983.4532481001735,3.0905844104294236,1.9154220442266154
2025-06-04,983.9699999999999,994.9699999999999,1013.1507638095312,2.9656151924887246,1.8272675366625426
2025-06-05,983.9699999999999,994.9699999999999,1002.6409764321004,1.8975148055429003,0.7709756507332357
2025-06-06,983.9699999999999,994.9699999999999,1010.572852797525,2.7036243785405136,1.5681731909027496
2025-06-07,983.9699999999999,994.9699999999999,1011.2504985593426,2.7724929174001987,1.6362803460750308
2025-06-08,983.9699999999999,994.9699999999999,1012.2006942020654,2.869060459370253,1.7317802749897464
2025-06-09,983.9699999999999,994.9699999999999,1023.1893744057014,3.985830300283698,2.8362035443984746
2025-06-10,983.9699999999999,994.9699999999999,1023.0114924390905,3.967752313494373,2.818325420775559
2025-06-11,983.9699999999999,994.9699999999999,1019.5214365129043,3.613061019431933,2.467555455230247
2025-06-12,983.9699999999999,994.9699999999999,1008.3700883958472,2.4797593824859825,1.3467831588738677
2025-06-13,983.9699999999999,994.9699999999999,999.9048627267897,1.6194459919296107,0.4959810573976892
2025-06-14,983.9699999999999,994.9699999999999,999.3743119242129,1.5655265835556926,0.44265776095891823
2025-06-15,983.9699999999999,994.9699999999999,1000.2007067463119,1.6495123577255373,0.5257150211877712
2025-06-16,1040.9699999999998,1051.9699999999998,1076.2879486959228,3.392792174214719,2.311658003167672
2025-06-17,1040.9699999999998,1051.9699999999998,1068.0236087541177,2.5988845743986797,1.5260519552951066
2025-06-18,1040.9699999999998,1051.9699999999998,1071.1530081036242,2.899507968877527,1.8235318596180872
2025-06-19,1040.9699999999998,1051.9699999999998,1064.2245337227405,2.2339292892917846,1.1649128513874627
2025-06-20,1040.9699999999998,1051.9699999999998,1066.485859769649,2.451161874948298,1.379873928880985
2025-06-21,1040.9699999999998,1051.9699999999998,1065.2649060613148,2.3338718753965084,1.2638103806491663
2025-06-22,1040.9699999999998,1051.9699999999998,1064.3703957189186,2.2479414122327106,1.1787784555566077
2025-06-23,1040.9699999999998,1051.9699999999998,1069.7848851822744,2.7680802695826556,1.693478443517835
2025-06-24,1040.9699999999998,1051.9699999999998,1084.9757381383329,4.227378131774506,3.1375170526092075
2025-06-25,1040.9699999999998,1051.9699999999998,1089.7857135608022,4.689444802520953,3.5947520899647665
2025-06-26,1040.9699999999998,1051.9699999999998,1088.1064101769086,4.528123786171441,3.4351179384306443
2025-06-27,1040.9699999999998,1051.9699999999998,1093.697444450121,5.06522228787778,3.966600231006713
2025-06-28,1040.9699999999998,1051.9699999999998,1094.7513279715067,5.166462815595736,4.066782129861777
2025-06-29,1040.9699999999998,1051.9699999999998,1095.390666510924,5.227880391454518,4.127557488419261
2025-06-30,1040.9699999999998,1051.9699999999998,1091.6358489583272,4.8671766677548245,3.7706254891610405
2025-07-01,1040.9699999999998,1051.9699999999998,1076.0029730635736,3.365416204460625,2.2845682922111625
2025-07-02,1168.9899999999998,1179.9899999999998,1222.4577811265474,4.573844184000515,3.598995002207444
2025-07-03,1168.9899999999998,1179.9899999999998,1230.6150334984056,5.271647618748309,4.290293434555028
2025-07-04,1168.9899999999998,1179.9899999999998,1224.5360863432668,4.751630582234837,3.775124055565472
2025-07-05,1168.9899999999998,1179.9899999999998,1224.5634299092721,4.753969658360839,3.777441326559748
2025-07-06,1168.9899999999998,1179.9899999999998,1225.6072629544442,4.843263240442127,3.8659025037876953
2025-07-07,1168.9899999999998,1179.9899999999998,1222.4425957616638,4.572545168193402,3.597708095972343
2025-07-08,1168.9899999999998,1179.9899999999998,1230.2552874833295,5.240873530426246,4.259806225758673
2025-07-09,1168.9899999999998,1179.9899999999998,1240.4461164686152,6.112637102850786,5.123443119739608
2025-07-10,1168.9899999999998,1179.9899999999998,1252.0500169156505,7.105280363018568,6.106832847367415
2025-07-11,1168.9899999999998,1179.9899999999998,1253.279966128316,7.210495053705859,6.211066714829458
2025-07-12,1168.9899999999998,1179.9899999999998,1253.123022561945,7.1970694840798615,6.19776629987925
2025-07-13,1168.9899999999998,1179.9899999999998,1254.527269802731,7.31719431327311,6.316771311852755
2025-07-14,1168.9899999999998,1179.9899999999998,1256.8686840663338,7.51748809368207,6.515197931027723
2025-07-15,1168.9899999999998,1179.9899999999998,1270.3906961643934,8.674214164739956,7.661140871057688
2025-07-16,1199.9899999999998,1210.9899999999998,1303.3552752444095,8.613844719073475,7.627253341845083
2025-07-17,1199.9899999999998,1210.9899999999998,1320.0017503264132,10.00106253605559,9.001870397477557
2025-07-18,1199.9899999999998,1210.9899999999998,1315.4170315539523,9.618999454491494,8.62327777718664
2025-07-19,1199.9899999999998,1210.9899999999998,1315.4720688366817,9.623585932939605,8.627822594462545
2025-07-20,1199.9899999999998,1210.9899999999998,1315.8524555527083,9.655285090101463,8.659233813054488
2025-07-21,1199.9899999999998,1210.9899999999998,1316.7124559791303,9.726952389530787,8.730250124206682
2025-07-22,1199.9899999999998,1210.9899999999998,1307.9562296555473,8.997260781802144,8.007186653527077
2025-07-23,1199.9899999999998,1210.9899999999998,1316.5165964442167,9.710630625606626,8.714076618652253
2025-07-24,1199.9899999999998,1210.9899999999998,1316.2660065960476,9.689747964237027,8.693383644460143
2025-07-25,1199.9899999999998,1210.9899999999998,1323.5189980466375,10.294168955294442,9.292314391253253
2025-07-26,1199.9899999999998,1210.9899999999998,1323.6990923128205,10.309176935876199,9.307186047186251
2025-07-27,1199.9899999999998,1210.9899999999998,1324.9830445639632,10.416173848445688,9.413211055744755
2025-07-28,1199.9899999999998,1210.9899999999998,1339.7137233478397,11.643740643492027,10.629627275851988
2025-07-29,1199.9899999999998,1210.9899999999998,1356.1761045440605,13.015617175481529,11.989042398703605
2025-07-30,1199.9899999999998,1210.9899999999998,1372.274412741216,14.35715403805168,13.318393441829937
2025-07-31,1199.9899999999998,1210.9899999999998,1364.9622881649384,13.747805245455266,12.714579655070532
2025-08-01,1199.9899999999998,1210.9899999999998,1327.2426411007475,10.60447512902172,9.599801905940408
2025-08-02,1199.9899999999998,1210.9899999999998,1324.9879102480181,10.41657932549591,9.413612849653454
2025-08-03,1199.9899999999998,1210.9899999999998,1327.35198964028,10.61358758325321,9.608831587402058
2025-08-04,1345.0199999999998,1356.0199999999998,1491.7135982635405,10.90642505416579,10.006754934554117
2025-08-05,1345.0199999999998,1356.0199999999998,1486.465200914273,10.516215440236824,9.619710691160405
2025-08-06,1345.0199999999998,1356.0199999999998,1480.4024517055282,10.065460119963156,9.172611886663061
2025-08-07,1345.0199999999998,1356.0199999999998,1496.1579810528738,11.2368575227784,10.334506943324879
2025-08-08,1345.0199999999998,1356.0199999999998,1502.2659268216296,11.690973132119215,10.784938778309307
2025-08-09,1345.0199999999998,1356.0199999999998,1501.9279267367226,11.665843387958757,10.760012885998945
2025-08-10,1345.0199999999998,1356.0199999999998,1502.6291011799378,11.717974541637902,10.811721153075773
2025-08-11,1345.0199999999998,1356.0199999999998,1504.9797461884145,11.892741088490492,10.985069998113214
2025-08-12,1345.0199999999998,1356.0199999999998,1513.2765201108068,12.509592430655832,11.596917457766633
2025-08-13,1345.0199999999998,1356.0199999999998,1528.066148979056,13.60917673930917,12.687581966273079
2025-08-14,1345.0199999999998,1356.0199999999998,1525.2242954149317,13.397889653308647,12.478008835779116
2025-08-15,1345.0199999999998,1356.0199999999998,1522.114800381082,13.166703869167911,12.248698424881805
2025-08-16,1345.0199999999998,1356.0199999999998,1522.6800748935086,13.208731089017926,12.290384720985598
2025-08-17,1345.0199999999998,1356.0199999999998,1522.5940611287635,13.20233610866484,12.28404161655166
2025-08-18,1345.0199999999998,1356.0199999999998,1519.2482632305625,12.953581599571965,12.037304997755403
2025-08-19,1345.0199999999998,1356.0199999999998,1504.3962052956108,11.84935579363958,10.942036643678637
2025-08-20,1345.0199999999998,1356.0199999999998,1501.3994564241384,11.626552499155304,10.721040723893356
2025-08-21,1345.0199999999998,1356.0199999999998,1502.7741370423398,11.728757716787861,10.822416855381196
2025-08-22,1345.0199999999998,1356.0199999999998,1522.447135056411,13.191412399548804,12.273206520288147
2025-08-23,1345.0199999999998,1356.0199999999998,1521.998740350687,13.158074998935875,12.24013955182721
2025-08-24,1345.0199999999998,1356.0199999999998,1521.478110828259,13.119367059839956,12.201745610555847
2025-08-25,1345.0199999999998,1356.0199999999998,1512.5148532356006,12.4529637652675,11.540748162682034
2025-08-26,1345.0199999999998,1356.0199999999998,1517.926764631183,12.855330376587954,11.93985078621136
2025-08-27,1345.0199999999998,1356.0199999999998,1516.7807903887349,12.770129097614547,11.855340657861621
2025-08-28,1345.0199999999998,1356.0199999999998,1517.1771327598751,12.799596493723172,11.884569015197076
2025-08-29,1345.0199999999998,1356.0199999999998,1496.5979777993416,11.269570549087886,10.366954602390958
2025-08-30,1345.0199999999998,1356.0199999999998,1496.507195841982,11.262821061544228,10.36025986651983
2025-08-31,1345.0199999999998,1356.0199999999998,1495.819996888277,11.211728962266534,10.30958222506138
2025-09-01,1345.0199999999998,1356.0199999999998,1498.923486641137,11.4424682637535,10.538449775160936
2025-09-02,1465.0199999999998,1476.0199999999998,1607.8650005547627,9.750378872285903,8.932467077327065
2025-09-03,1465.0199999999998,1476.0199999999998,1615.8171204374346,10.293178279984906,9.471221286800644
2025-09-04,1465.0199999999998,1476.0199999999998,1620.2119128062952,10.593160011897142,9.768967412792206
2025-09-05,1465.0199999999998,1476.0199999999998,1601.2837307841814,9.301151573642798,8.486587633242213
2025-09-06,1465.0199999999998,1476.0199999999998,1600.9121331298418,9.275786892318333,8.461411981534264
2025-09-07,1465.0199999999998,1476.0199999999998,1602.2371339600127,9.366229400282108,8.551180469100212
2025-09-08,1465.0199999999998,1476.0199999999998,1607.9899331596346,9.758906578724853,8.94093123125939
2025-09-09,1465.0199999999998,1476.0199999999998,1616.845033962197,10.363342067835067,9.540862180878126
2025-09-10,1465.0199999999998,1476.0199999999998,1635.826875731102,11.659013237437192,10.826877395367429
2025-09-11,1465.0199999999998,1476.0199999999998,1642.5079138792232,12.115050571270256,11.279516123035155
2025-09-12,1465.0199999999998,1476.0199999999998,1650.7935856930706,12.680617718056467,11.840868395622744
2025-09-13,1465.0199999999998,1476.0199999999998,1650.8986638047184,12.687790187486767,11.847987412414373
2025-09-14,1465.0199999999998,1476.0199999999998,1649.8906534128128,12.61898495671138,11.779694950801007
2025-09-15,1481.0199999999998,1492.0199999999998,1676.3952451144605,13.19193833401715,12.357424506002653
2025-09-16,1522.0599999999997,1533.0599999999997,1704.7376943075426,12.002003489188528,11.198367598629076
2025-09-17,1522.0599999999997,1533.0599999999997,1695.6563532161854,11.405355453542285,10.60600062725436
2025-09-18,1522.0599999999997,1533.0599999999997,1706.417447590188,12.11236400603053,11.307936257562542
2025-09-19,1522.0599999999997,1533.0599999999997,1708.6262423174446,12.257482774492788,11.452013770983845
2025-09-20,1522.0599999999997,1533.0599999999997,1708.5836569485193,12.254684897344365,11.449235969141432
2025-09-21,1522.0599999999997,1533.0599999999997,1708.2764883458824,12.234503787359415,11.429199662497405
2025-09-22,1522.0599999999997,1533.0599999999997,1717.9544244091667,12.87034837057455,12.06048193868257
2025-09-23,1522.0599999999997,1533.0599999999997,1713.6776421618738,12.589361928036617,11.781511627847188
2025-09-24,1522.0599999999997,1533.0599999999997,1715.958844797064,12.739237927352695,11.930312238077075
2025-09-25,1522.0599999999997,1533.0599999999997,1712.0650137048658,12.483411541257645,11.67632145544637
2025-09-26,1522.0599999999997,1533.0599999999997,1722.6684082660893,13.180059147871278,12.36797048165692
2025-09-27,1522.0599999999997,1533.0599999999997,1722.736132663256,13.184508670042995,12.372388077652301
2025-09-28,1522.0599999999997,1533.0599999999997,1724.4551183421024,13.297446772275912,12.484515827306351
2025-09-29,1522.0599999999997,1533.0599999999997,1731.3657377556801,13.751477455269862,12.935288752930768
2025-09-30,1522.0599999999997,1533.0599999999997,1734.7635061107972,13.974712305086362,13.156921849816541
2025-10-01,1522.0599999999997,1533.0599999999997,1752.173195359626,15.118536415097067,14.292538802109926
2025-10-02,1670.1599999999996,1681.1599999999996,1905.961471292897,14.118495910146175,13.371807043523361
2025-10-03,1670.1599999999996,1681.1599999999996,1904.1725416450515,14.011384636505003,13.26539660978443
2025-10-04,1670.1599999999996,1681.1599999999996,1903.289857937338,13.958534388162713,13.212892165965071
2025-10-05,1670.1599999999996,1681.1599999999996,1903.8350519319583,13.991177607651887,13.245321797565893
2025-10-06,1670.1599999999996,1681.1599999999996,1947.5564096475332,16.60897217317704,15.845987868348857
2025-10-07,1670.1599999999996,1681.1599999999996,1949.7947596672334,16.7429922682398,15.979131056367853
2025-10-08,1670.1599999999996,1681.1599999999996,1993.197948549789,19.341736633004594,18.560871573781764
2025-10-09,1670.1599999999996,1681.1599999999996,1988.9954254120412,19.09011264861101,18.31089399058041
2025-10-10,1670.1599999999996,1681.1599999999996,1933.4841954066467,15.766405338808683,15.008934034038827
2025-10-11,1670.1599999999996,1681.1599999999996,1932.2342115797912,15.691563178365644,14.934581573424996
2025-10-12,1670.1599999999996,1681.1599999999996,1936.3337927678783,15.937023564681155,15.178435887594205
2025-10-13,1670.1599999999996,1681.1599999999996,1957.3995130285775,17.198323096504406,16.431482608947274
2025-10-14,1670.1599999999996,1681.1599999999996,1948.6211804640761,16.67272479667077,15.909323351975813
2025-10-15,1670.1599999999996,1681.1599999999996,1970.6288435879865,17.990422689322394,17.218399413975284
2025-10-16,1680.2099999999996,1691.2099999999996,1977.924125762062,17.71886405640143,16.953194799112023
2025-10-17,1680.2099999999996,1691.2099999999996,1961.5285261504996,16.743057483915706,15.983735086151341
2025-10-18,1680.2099999999996,1691.2099999999996,1962.7356238009183,16.814899554277073,16.0551098799628
2025-10-19,1680.2099999999996,1691.2099999999996,1963.4370300721037,16.85664470941752,16.096583515477327
2025-10-20,1680.2099999999996,1691.2099999999996,1997.2401020287368,18.868480846366666,18.09533422985539
2025-10-21,1680.2099999999996,1691.2099999999996,1992.9950158356678,18.615828725913325,17.844325414092175
2025-10-22,1680.2099999999996,1691.2099999999996,1976.6347994056334,17.642128031950406,16.876957882559466
2025-10-23,1680.2099999999996,1691.2099999999996,1992.0106560894005,18.557243207063465,17.786120948279695
2025-10-24,1680.2099999999996,1691.2099999999996,2012.390099900205,19.77015372484425,18.991142430579618
2025-10-25,1680.2099999999996,1691.2099999999996,2013.371790773621,19.828580402070063,19.04918908790874
2025-10-26,1680.2099999999996,1691.2099999999996,2015.0295344081508,19.92724328555069,19.147210246400583
2025-10-27,1680.2099999999996,1691.2099999999996,2040.4223721311728,21.43853281025427,20.648670013255202
2025-10-28,1680.2099999999996,1691.2099999999996,2045.8274718189791,21.76022472303936,20.9682695714299
2025-10-29,1680.2099999999996,1691.2099999999996,2060.491819447418,22.63299346197312,21.83536163146023
2025-10-30,1680.2099999999996,1691.2099999999996,2044.7303125254314,21.69492578460025,20.903395351578567
2025-10-31,1680.2099999999996,1691.2099999999996,2047.18535799271,21.84104117894254,21.048560379415353
2025-11-01,1680.2099999999996,1691.2099999999996,2047.2801816733765,21.846684740203727,21.05416723371888
2025-11-02,1680.2099999999996,1691.2099999999996,2048.155348845726,21.898771513425505,21.10591522316724
2025-11-03,1750.2099999999996,1761.2099999999996,2124.5559028710195,21.38862781443484,20.63047012400679
2025-11-04,1820.3599999999997,1831.3599999999997,2169.025744389349,19.153669844939966,18.437977480634565
2025-11-05,1820.3599999999997,1831.3599999999997,2182.1292359047698,19.8734995223346,19.153483526164717
2025-11-06,1820.3599999999997,1831.3599999999997,2137.3597722098602,17.414125349373784,16.70888149844163
2025-11-07,1820.3599999999997,1831.3599999999997,2118.692030822949,16.38862811877593,15.689543881211208
2025-11-08,1820.3599999999997,1831.3599999999997,2117.851972620848,16.342480202863623,15.643673151147139
2025-11-09,1820.3599999999997,1831.3599999999997,2119.901774161494,16.455084387785618,15.755600982957708
2025-11-10,1820.3599999999997,1831.3599999999997,2169.5900527469175,19.184669666819637,18.468791103164747
2025-11-11,1820.3599999999997,1831.3599999999997,2161.6880871263406,18.75058159519771,18.037310366412996
2025-11-12,1820.3599999999997,1831.3599999999997,2190.285039487952,20.321531976529496,19.598824889041605
2025-11-13,1820.3599999999997,1831.3599999999997,2158.355683482274,18.567518704117553,17.85534703620666
2025-11-14,1820.3599999999997,1831.3599999999997,2143.5570062422717,17.7545653740069,17.047276681934303
2025-11-15,1820.3599999999997,1831.3599999999997,2143.8955343588036,17.773162141488715,17.065761748580506
2025-11-16,1820.3599999999997,1831.3599999999997,2143.2027507866605,17.735104637910133,17.027932836070512
2025-11-17,1830.4199999999996,1841.4199999999996,2137.4791657219935,16.775339305842042,16.077764210337346
2025-11-18,1830.4199999999996,1841.4199999999996,2106.070833219186,15.059430798351558,14.372105941023047
2025-11-19,1830.4199999999996,1841.4199999999996,2101.933613265277,14.833405079996801,14.14743042137467
2025-11-20,1830.4199999999996,1841.4199999999996,2084.464400768512,13.879022342878267,13.198748833428137
2025-11-21,1703.6999999999996,1715.6999999999996,1849.077432436501,8.533041758320218,7.773936727662269
2025-11-22,1703.6999999999996,1715.6999999999996,1848.851242192672,8.51976534558153,7.760753173204671
2025-11-23,1703.6999999999996,1715.6999999999996,1850.624968583573,8.623875599200181,7.864135255789094
2025-11-24,1703.6999999999996,1715.6999999999996,1872.1224472548136,9.885686872971416,9.117121131597248
2025-11-25,1703.6999999999996,1715.6999999999996,1873.3122052401075,9.955520645659911,9.186466470834523
2025-11-26,1703.6999999999996,1715.6999999999996,1890.9930950101461,10.993314257800469,10.217001516007844
2025-11-27,1703.6999999999996,1715.6999999999996,1889.3372540008893,10.896123378581308,10.120490412128563
2025-11-28,1703.6999999999996,1715.6999999999996,1893.147512009153,11.119769443514315,10.342572245098408
2025-11-29,1703.6999999999996,1715.6999999999996,1893.2294866163177,11.12458100700347,10.347350155407014
2025-11-30,1703.6999999999996,1715.6999999999996,1892.5243803423348,11.083194244428904,10.306252861358935
2025-12-01,1703.6999999999996,1715.6999999999996,1886.2039592339456,10.712212198975529,9.93786554956846
2025-12-02,1791.6999999999996,1803.6999999999996,1976.9936482189412,10.34177865819845,9.607675789706803
2025-12-03,1791.6999999999996,1803.6999999999996,1977.7841631606514,10.385899601532165,9.651503196798348
2025-12-04,1851.8999999999996,1863.8999999999996,2043.6790407723577,10.355798950934611,9.645315777260478
2025-12-05,1851.8999999999996,1863.8999999999996,2044.7249918377227,10.412278839987206,9.70143204236939
2025-12-06,1851.8999999999996,1863.8999999999996,2044.5850041861115,10.404719703337758,9.693921572300654
2025-12-07,1851.8999999999996,1863.8999999999996,2045.0135679452917,10.427861544645612,9.716914423804502
2025-12-08,1851.8999999999996,1863.8999999999996,2042.6443430951272,10.299926729041934,9.589803267081258
2025-12-09,1851.8999999999996,1863.8999999999996,2048.433767979357,10.612547544649143,9.90041139435364
2025-12-10,1851.8999999999996,1863.8999999999996,2044.8654866451734,10.419865362339966,9.708969721829165
2025-12-11,1851.8999999999996,1863.8999999999996,2040.5143780160804,10.18491160516663,9.475528623642942
2025-12-12,1851.8999999999996,1863.8999999999996,2027.5975831793792,9.487422818693211,8.782530349234378
2025-12-13,1851.8999999999996,1863.8999999999996,2027.8273006665886,9.499827240487553,8.79485490995166
2025-12-14,1851.8999999999996,1863.8999999999996,2026.549453563214,9.430825290956014,8.726297202812082
2025-12-15,1851.8999999999996,1863.8999999999996,2034.5313853841153,9.861838402943771,9.154535403407678
2025-12-16,1913.9699999999996,1925.9699999999996,2088.5566235595593,9.121701153077622,8.441804574295537
2025-12-17,1913.9699999999996,1925.9699999999996,2078.4468866655534,8.59349345421056,7.916887940391276
2025-12-18,1913.9699999999996,1925.9699999999996,2097.4087659413053,9.584202779631122,8.90142452589115
2025-12-19,1913.9699999999996,1925.9699999999996,2110.848136221326,10.286375242105494,9.599222013911252
2025-12-20,1913.9699999999996,1925.9699999999996,2111.110357832444,10.300075645514015,9.612837055221245
2025-12-21,1913.9699999999996,1925.9699999999996,2111.1220389662617,10.300685954652485,9.613443561751334
2025-12-22,1913.9699999999996,1925.9699999999996,2117.0370629285203,10.609730713047789,9.920562777640397
2025-12-23,1913.9699999999996,1925.9699999999996,2121.0465096456396,10.819213971255563,10.128740823877843
2025-12-24,1913.9699999999996,1925.9699999999996,2120.5177275339765,10.791586468647733,10.101285457923904
2025-12-25,1913.9699999999996,1925.9699999999996,2119.9394425677015,10.761372569460438,10.071259810261942
2025-12-26,1913.9699999999996,1925.9699999999996,2120.594192464277,10.795581564197846,10.105255661525232
2025-12-27,1913.9699999999996,1925.9699999999996,2121.164888002099,10.825398935307208,10.134887251727669
2025-12-28,1913.9699999999996,1925.9699999999996,2121.149569238526,10.824598569388575,10.134091872590254
2025-12-29,1913.9699999999996,1925.9699999999996,2116.980660400257,10.60678382630122,9.917634251844913
2025-12-30,1913.9699999999996,1925.9699999999996,2125.2882895940784,11.040836042052845,10.348982050295636
2025-12-31,1913.9699999999996,1925.9699999999996,2123.761786263542,10.961080176990366,10.26972311425113
2026-01-01,1913.9699999999996,1925.9699999999996,2124.5287844316135,11.001153854637952,10.309547107774991
2026-01-02,1971.9699999999996,1983.9699999999996,2186.5787298905875,10.882961195686953,10.212287982710826
2026-01-03,1971.9699999999996,1983.9699999999996,2186.9493466043386,10.901755432604913,10.230968543089821
2026-01-04,1971.9699999999996,1983.9699999999996,2187.9553179630034,10.952768955055292,10.28167351134361
2026-01-05,2032.2199999999996,2044.2199999999996,2281.5901766146894,12.270825826666892,11.611772539877798
2026-01-06,2032.2199999999996,2044.2199999999996,2281.0117172735277,12.24236142118118,11.583475226420255
2026-01-07,2032.2199999999996,2044.2199999999996,2282.2350699293565,12.30255926668161,11.643319697946259
2026-01-08,2032.2199999999996,2044.2199999999996,2282.284933693834,12.305012926446661,11.645758954214044
2026-01-09,2032.2199999999996,2044.2199999999996,2293.5523116359423,12.85944984479745,12.196941211608474
2026-01-10,2032.2199999999996,2044.2199999999996,2293.4812353164366,12.855952373091354,12.193464270794586
2026-01-11,2032.2199999999996,2044.2199999999996,2293.788964640642,12.871094893301043,12.208517901235801
2026-01-12,2032.2199999999996,2044.2199999999996,2301.8946941561076,13.269955721137872,12.60503733238634
2026-01-13,2032.2199999999996,2044.2199999999996,2306.123556175352,13.47804647997522,12.811906554840109
2026-01-14,2032.2199999999996,2044.2199999999996,2298.6268641922534,13.109154726961345,12.445180273759862
2026-01-15,2032.2199999999996,2044.2199999999996,2315.933598049649,13.960771867693921,13.291798243322608
2026-01-16,2060.2999999999997,2072.2999999999997,2336.7607548529922,13.418470846623917,12.761702207836345
2026-01-17,2060.2999999999997,2072.2999999999997,2336.4808881787285,13.404887063958103,12.748197084337635
2026-01-18,2060.2999999999997,2072.2999999999997,2334.9452394219356,13.330351862444106,12.674093491383292
2026-01-19,2060.2999999999997,2072.2999999999997,2320.8926585943805,12.648287074425122,11.995978313679524
2026-01-20,2060.2999999999997,2072.2999999999997,2294.107798781402,11.348240488346466,10.703459864952093
2026-01-21,2060.2999999999997,2072.2999999999997,2305.126267759112,11.883039739800633,11.235162271829003
2026-01-22,2060.2999999999997,2072.2999999999997,2320.664021961206,12.637189824841343,11.984945324576856
2026-01-23,2060.7999999999997,2072.7999999999997,2318.450716839232,12.50246102674846,11.85115384210885
2026-01-24,2060.7999999999997,2072.7999999999997,2318.2481674493865,12.49263234905798,11.841382065292688
2026-01-25,2060.7999999999997,2072.7999999999997,2316.111449640504,12.38894844917043,11.738298419553464
2026-01-26,2060.7999999999997,2072.7999999999997,2313.280726517577,12.251588049183683,11.60173323608536
2026-01-27,2060.7999999999997,2072.7999999999997,2310.995139353491,12.140680286951254,11.491467548894802
2026-01-28,2060.7999999999997,2072.7999999999997,2316.002622474317,12.383667627829835,11.733048170316346
2026-01-29,2060.7999999999997,2072.7999999999997,2301.564764568422,11.683072814849691,11.03650929025581
2026-01-30,2060.7999999999997,2072.7999999999997,2309.418937459325,12.0641953347887,11.415425388813466
2026-01-31,2060.7999999999997,2072.7999999999997,2306.231997587615,11.909549572380392,11.261674912563448
2026-02-01,2060.7999999999997,2072.7999999999997,2304.997080241681,11.849625399926307,11.202097657356298
2026-02-02,2121.1,2133.1,2367.1691988291495,11.601018284340656,10.973193888197912
2026-02-03,2121.1,2133.1,2374.5356509694348,11.94831224220616,11.31853410385987
2026-02-04,2121.1,2133.1,2361.4371379865547,11.330778274789251,10.704474144979365
2026-02-05,2121.1,2133.1,2330.6168704331353,9.87774600127931,9.259616072061103
2026-02-06,2121.1,2133.1,2365.799883330842,11.53646142712942,10.90900020303043
2026-02-07,2121.1,2133.1,2365.0366192684983,11.500477076446106,10.873218286460942
2026-02-08,2121.1,2133.1,2365.321367579182,11.513901634962153,10.886567323575184
2026-02-09,2121.1,2133.1,2380.0989262116914,12.210594795704658,11.579341156612042
2026-02-10,2121.1,2133.1,2377.1670738322855,12.072371591734742,11.441895543213427
2026-02-11,2121.1,2133.1,2377.922738716619,12.107997676517794,11.477321209348784
2026-02-12,2121.1,2133.1,2358.6295291906,11.198412577935976,10.572853086615723
2026-02-13,2121.1,2133.1,2353.2102805617333,10.94292020940707,10.318798019864674
2026-02-14,2121.1,2133.1,2354.601288294714,11.008499754594974,10.384008639759692
2026-02-15,2121.1,2133.1,2353.8835935141337,10.974663783609158,10.35036301693
2026-02-16,2131.19,2143.19,2362.051439514226,10.832513267903183,10.211947588138512
2026-02-17,2131.19,2143.19,2364.2072328045874,10.933667706989398,10.312535650343056
2026-02-18,2131.19,2143.19,2389.409841911023,12.11622811251098,11.488474746103833
2026-02-19,2131.19,2143.19,2385.5361676983794,11.934467020696385,11.307731358320043
2026-02-20,2131.19,2143.19,2399.3715031828483,12.583650598156346,11.953280072361677
2026-02-21,2131.19,2143.19,2399.4549651314533,12.587566811567866,11.957174358384147
2026-02-22,2131.19,2143.19,2398.6916589825337,12.551750851990374,11.921558937030017
2026-02-23,2131.19,2143.19,2394.554171182294,12.357611061533408,11.728506160550106
2026-02-24,2131.19,2143.19,2399.318652914652,12.581170750362562,11.950814109558735
2026-02-25,2131.19,2143.19,2416.8398810702215,13.403304307463035,12.768344433774956
2026-02-26,2131.19,2143.19,2408.3145918092396,13.003279473404037,12.370559390872462
2026-02-27,2131.19,2143.19,2398.6743244977642,12.550937480832971,11.920750120043682
2026-02-28,2131.19,2143.19,2399.3532799079317,12.58279552306137,11.952429784943547
2026-03-01,2131.19,2143.19,2398.8953258535803,12.561307337852574,11.931061914882966
2026-03-02,2131.19,2143.19,2398.7393069647305,12.553986597381298,11.92378216419125
2026-03-03,2131.19,2143.19,2357.208959744249,10.60529374407017,9.986000296018974
2026-03-04,2191.54,2203.54,2445.3447276224333,11.58111317258336,10.973466677366117
2026-03-05,2191.54,2203.54,2421.706820281303,10.502515139185368,9.900742454473392
2026-03-06,2191.54,2203.54,2410.251289284426,9.979799104028498,9.38087301725524
2026-03-07,2191.54,2203.54,2409.8414993599563,9.961100384202721,9.362276126594313
2026-03-08,2191.54,2203.54,2409.508567524792,9.945908700037052,9.34716717303938
2026-03-09,2191.54,2203.54,2406.492117788577,9.808268057556658,9.210276091587954
2026-03-10,2191.54,2203.54,2433.9974494269063,11.063336714224079,10.458509917083708
2026-03-11,2191.54,2203.54,2425.8005778855413,10.689313354332631,10.086523407133129
2026-03-12,2191.54,2203.54,2413.4705978207517,10.126696196316367,9.526970139899966
2026-03-13,2191.54,2203.54,2407.442656380892,9.851641146449165,9.253412980063535
2026-03-14,2191.54,2203.54,2407.593204621521,9.858510664716192,9.26024508842686
2026-03-15,2191.54,2203.54,2408.8274976891944,9.91483147417772,9.316259186998849
2026-03-16,2201.64,2213.64,2427.88138558708,10.276039024866918,9.678239713190944
2026-03-17,2201.64,2213.64,2434.1755598668174,10.561924740957537,9.962575661210382
2026-03-18,2201.64,2213.64,2416.8635615225953,9.775601893252096,9.180515419065225
2026-03-19,2201.64,2213.64,2379.892061656557,8.096330992194778,7.510347737507322
2026-03-20,2201.64,2213.64,2346.0081135489213,6.557298811291648,5.979658551025525
2026-03-21,2201.64,2213.64,2344.9013044309067,6.507026781440511,5.929659042613382
2026-03-22,2201.64,2213.64,2344.4425720408126,6.48619084140971,5.908936052872767
2026-03-23,2201.64,2213.64,2356.7391603673254,7.044710323546337,6.46442783683551
2026-03-24,2201.64,2213.64,2354.7303041978244,6.953466697453921,6.373678836568931
2026-03-25,2201.64,2213.64,2377.9475574574394,8.008010276768207,7.422505802995951
2026-03-26,2201.64,2213.64,2343.230012911567,6.431115573461925,5.854159344408625
2026-03-27,2201.64,2213.64,2326.337969519458,5.663867367937455,5.091070342036564
2026-03-28,2201.64,2213.64,2326.3239771727604,5.663231825946135,5.0904382452774835
2026-03-29,2201.64,2213.64,2326.2902136627517,5.661698264146358,5.088912996817544
2026-03-30,2201.64,2213.64,2335.3372221427776,6.072619599152347,5.497606753707817
2026-03-31,2201.64,2213.64,2351.2145423701236,6.793778382029929,6.214856181227468
2026-04-01,2201.64,2213.64,2383.7886293112624,8.273315769665455,7.686373091887686
2026-04-02,2201.64,2213.64,2381.310746282642,8.160768621693016,7.574436054762386
2026-04-03,2201.64,2213.64,2382.7704159941154,8.227067821901652,7.6403758512728155
2026-04-04,2201.64,2213.64,2382.893751611805,8.232669810314357,7.645947471666803
2026-04-05,2201.64,2213.64,2383.602051127477,8.264841260491137,7.677944522482292
2026-04-06,2201.64,2213.64,2383.060157876207,8.240228097064335,7.653464785430658
2026-04-07,2262.04,2274.04,2435.515005805308,7.66896278603863,7.100798834027028
2026-04-08,2262.04,2274.04,2485.7406923706185,9.889334068832493,9.309453324067233
2026-04-09,2262.04,2274.04,2486.790531724923,9.935745244333562,9.35561959002141
2026-04-10,2262.04,2274.04,2490.275495197799,10.089808102323525,9.508869465699773
2026-04-11,2262.04,2274.04,2490.309833766409,10.09132613775217,9.510379490528276
2026-04-12,2262.04,2274.04,2489.2930560628074,10.046376547842101,9.46566709744804
2026-04-13,2262.04,2274.04,2489.807106171404,10.069101614976042,9.488272245492782
2026-04-14,2262.04,2274.04,2514.1992287051203,11.147425717720303,10.560906083671364
2026-04-15,2262.04,2274.04,2522.5590313163966,11.516994894714358,10.92852506184573
2026-04-16,2262.04,2274.04,2530.8619172647755,11.884047906525769,11.293641152520426
2026-04-17,2262.04,2274.04,2562.983828362497,13.304089598879651,12.706189352979596
2026-04-18,2262.04,2274.04,2562.0263024848978,13.2617594067699,12.664082535263136
2026-04-19,2262.04,2274.04,2561.055893625221,13.218859685293848,12.621409193559524
2026-04-20,2262.04,2274.04,2548.1564800158976,12.648603915752934,12.054162636360735
2026-04-21,2262.04,2274.04,2539.0668955720357,12.246772628779144,11.654451793813466
2026-04-22,2262.04,2274.04,2546.478968531858,12.574444684084185,11.98039473940027
2026-04-23,2262.04,2274.04,2546.3443015087705,12.568491340063417,11.974472810890333
